variable_number,total_errors,success_rate,V1,V2,V3,V4,V5,V6,V7,V8,V9,V10,V11,V12,V13,V14,V15,V16,V17,V18,V19,V20,V21,V22,V23,V24,V25,V26,V27,V28,V29,V30,V31,V32,V33,V34,V35,V36,V37,V38,V39,V40,V41,V42,V43,V44,V45,V46,V47,V48,V49,V50,V51,V52,V53,V54,V55,V56,V57,V58,V59,V60,V61,V62,V63,V64,V65,V66,V67,V68,V69,V70,V71,V72,V73,V74,V75,V76,V77,V78,V79,V80,V81,V82,V83,V84,V85,V86,V87,V88,V89,V90,V91,V92,V93,V94,V95,V96,V97,V98,V99,V100
2,1823,0.348928571,20,19,14,19,19,24,19,22,19,20,19,21,18,18,18,17,17,17,19,20,15,16,15,22,20,14,16,17,23,18,20,16,17,19,14,17,15,18,21,17,19,17,21,22,19,19,16,18,22,19,21,15,17,17,22,18,19,18,15,19,17,18,20,21,18,20,14,18,18,15,19,21,17,17,20,18,16,18,15,19,16,16,22,18,18,19,19,21,19,18,16,16,18,20,16,20,17,19,17,17
4,1605,0.426785714,19,14,17,18,13,17,17,15,14,15,13,16,16,15,21,14,18,13,14,18,12,14,16,20,17,16,14,15,15,13,19,18,17,17,17,17,15,16,17,18,14,16,17,20,16,15,14,17,19,15,18,12,18,16,19,12,17,20,10,14,18,15,14,21,16,17,20,18,17,11,15,15,9,19,14,15,20,14,21,13,19,15,16,12,16,12,17,14,19,15,16,18,21,22,17,11,15,15,17,17
6,1316,0.53,14,12,14,10,13,12,17,13,10,13,12,17,14,15,12,11,14,14,14,16,12,8,17,12,17,18,10,13,14,15,10,9,15,17,16,13,11,12,10,11,13,13,10,15,13,15,14,17,10,17,15,9,14,14,14,14,15,10,10,11,18,12,12,14,12,11,16,17,11,16,13,14,15,10,12,8,12,10,10,10,15,10,14,12,15,11,12,17,13,15,15,15,13,15,16,12,12,13,13,15
8,1217,0.565357143,12,9,7,14,16,11,15,9,13,13,14,10,7,15,12,11,11,6,13,11,8,9,11,20,14,11,12,9,11,11,14,16,12,12,5,10,13,16,12,9,13,11,11,13,13,17,18,15,12,17,8,11,10,8,11,11,9,11,10,7,8,14,15,11,14,15,16,8,14,14,15,9,9,13,17,11,13,16,12,12,13,11,13,18,15,9,12,13,12,13,14,15,13,12,9,11,16,15,12,15
10,1319,0.528928571,9,12,12,18,13,15,14,17,12,9,14,12,14,14,13,17,15,13,10,14,10,11,12,16,10,10,15,10,11,11,11,15,9,13,11,15,13,12,18,8,10,9,13,11,14,9,15,13,17,13,11,10,12,14,10,10,15,10,11,15,14,16,15,8,12,16,13,15,11,14,14,12,15,14,18,16,16,16,16,16,12,11,10,9,16,17,17,13,13,12,14,15,17,17,15,16,14,15,15,14
12,1239,0.5575,13,14,12,10,12,11,11,10,12,19,14,17,12,15,9,14,12,8,11,12,7,7,19,9,11,11,11,12,13,16,9,15,13,16,17,12,10,12,16,13,11,19,10,14,12,11,13,15,9,13,10,9,11,12,13,10,11,12,12,13,12,15,14,12,14,10,14,13,13,14,9,14,8,11,15,10,13,10,14,14,9,9,15,14,12,9,11,15,11,14,13,10,15,13,14,16,11,15,13,14
14,1152,0.588571429,15,5,12,18,13,10,11,13,13,13,13,8,9,14,13,12,15,12,6,10,7,12,11,10,14,9,11,11,12,7,9,12,10,12,13,11,10,11,12,12,11,15,14,13,12,10,13,8,10,8,16,5,10,11,12,9,12,11,10,16,9,12,14,10,7,17,10,11,8,12,14,13,10,10,15,9,11,11,9,15,11,15,14,13,11,10,14,10,13,11,9,15,11,11,12,12,14,13,10,19
16,1063,0.620357143,12,9,10,13,18,11,9,15,12,10,13,6,8,8,6,12,12,11,12,11,12,10,8,14,9,4,13,9,15,10,14,12,15,11,11,10,16,9,14,13,13,11,15,13,11,11,12,14,10,10,8,13,12,9,10,6,8,10,10,9,9,11,8,14,9,10,11,10,11,8,14,10,9,13,8,9,10,9,11,8,9,14,10,9,9,12,2,7,14,11,8,12,13,15,6,7,12,8,9,12
18,991,0.646071429,8,11,10,10,14,10,8,9,13,12,7,8,12,11,9,10,11,8,11,10,14,10,8,9,7,10,7,7,11,10,11,12,9,10,10,7,9,7,13,11,13,12,11,8,10,9,6,9,7,14,9,9,10,8,7,10,10,14,10,11,10,10,12,12,10,9,8,11,13,9,13,11,14,7,12,10,15,11,7,12,17,13,8,11,7,10,7,6,9,11,8,10,9,9,6,10,11,4,12,6
20,945,0.6625,11,10,11,10,9,8,9,8,7,11,10,7,12,7,8,10,10,8,10,14,9,9,6,7,16,8,10,9,9,8,13,11,12,10,9,11,9,9,10,12,9,9,12,10,13,7,6,9,4,10,8,11,12,5,14,13,7,10,9,12,12,10,6,9,13,6,8,7,13,7,7,8,9,9,10,13,8,6,6,10,8,13,11,10,13,9,9,9,8,11,11,11,5,10,6,10,8,7,8,14
22,967,0.654642857,11,11,6,11,11,4,11,8,6,9,12,9,10,12,11,9,5,11,9,10,10,14,11,9,12,11,6,8,9,10,12,13,10,9,9,12,10,10,7,12,10,7,11,10,8,6,13,12,8,12,6,6,9,13,9,9,11,7,4,8,8,8,11,10,9,9,9,12,5,13,10,7,10,15,8,10,8,13,11,8,12,11,14,11,5,14,10,12,9,12,8,14,7,11,9,14,12,9,6,4
24,900,0.678571429,5,8,12,10,9,8,9,9,6,9,13,12,7,9,10,7,5,7,10,6,9,7,9,12,12,8,9,14,11,12,12,8,9,11,11,8,5,6,10,6,7,6,5,11,13,9,6,8,9,6,7,7,12,11,5,7,10,9,6,9,7,5,6,9,11,7,10,6,11,10,11,12,8,12,10,15,7,11,12,9,11,9,11,14,7,5,13,13,9,10,8,10,8,8,8,8,8,13,5,10
26,950,0.660714286,8,10,10,11,12,9,7,8,12,13,8,10,9,12,6,9,8,8,7,6,8,9,10,7,13,11,10,8,9,10,10,13,11,10,8,8,16,10,9,6,13,8,7,8,11,10,13,11,10,8,6,7,11,9,9,8,9,5,8,8,9,10,10,9,8,11,9,14,10,14,15,8,8,6,9,11,9,13,8,8,14,13,8,9,9,12,10,5,11,11,14,8,10,6,8,8,9,8,8,12
28,824,0.705714286,7,12,4,8,11,9,9,12,6,10,8,8,12,8,9,7,11,8,6,7,9,7,9,7,5,11,10,4,12,9,10,10,10,10,12,5,9,7,11,10,11,5,10,7,7,8,9,8,8,8,5,11,8,8,7,4,9,7,11,10,4,9,8,8,8,8,8,11,6,10,8,9,7,5,7,8,9,9,11,3,5,8,10,11,10,7,6,10,4,7,12,5,8,5,9,6,8,8,11,8
30,810,0.710714286,4,11,10,12,4,6,9,8,9,4,9,8,4,9,10,10,9,7,8,10,8,8,8,11,7,7,9,5,6,12,8,13,8,8,5,6,6,11,15,8,5,8,15,7,8,10,10,11,7,11,6,9,7,5,8,6,6,7,8,11,12,10,8,7,8,8,14,5,6,8,9,6,7,8,8,8,9,6,8,10,10,6,5,11,9,13,7,6,5,9,9,9,4,6,9,10,5,7,3,7
32,757,0.729642857,9,9,9,10,11,11,4,11,6,6,8,11,6,8,8,9,8,10,9,7,11,9,8,4,6,6,6,6,9,9,7,9,9,12,7,8,8,9,9,4,7,11,9,6,14,6,4,9,8,10,4,10,9,11,8,8,5,3,6,6,11,8,5,8,6,7,5,8,8,7,5,9,6,5,7,8,4,6,5,5,8,8,7,10,8,3,5,7,9,7,6,11,4,7,3,5,8,8,10,10
34,736,0.737142857,11,8,10,8,8,8,12,9,11,7,7,10,10,7,11,5,6,10,7,9,3,7,6,7,9,5,7,3,10,7,7,5,12,6,7,10,7,6,6,11,8,9,6,6,8,11,10,9,8,8,6,7,8,6,8,7,5,9,9,8,7,9,10,7,10,4,8,8,6,8,7,9,6,8,3,10,5,7,7,3,4,6,7,6,10,5,4,9,8,8,4,3,6,3,6,5,6,9,7,7
36,728,0.74,6,6,8,7,6,7,7,7,6,8,5,6,4,8,7,9,6,10,6,9,8,7,6,8,9,7,6,5,9,6,3,6,7,8,8,7,10,10,8,5,7,12,5,6,10,4,7,9,10,7,5,8,7,13,7,8,9,3,10,8,9,6,10,8,8,7,10,10,3,6,8,4,12,6,8,6,6,7,6,8,8,6,5,10,9,6,6,9,9,6,8,6,6,8,5,8,8,5,8,8
38,706,0.747857143,7,8,4,4,6,4,7,9,4,0,7,8,6,7,7,6,6,6,3,8,9,3,7,7,11,9,7,9,9,8,4,6,5,5,9,9,8,9,10,7,5,8,4,8,11,8,11,5,9,10,8,5,11,5,3,2,6,7,6,7,6,10,7,10,9,6,8,6,7,8,4,6,8,7,8,7,9,10,5,8,5,5,8,8,10,6,6,12,6,5,5,6,4,8,10,7,10,9,11,9
40,728,0.74,10,7,7,6,4,4,6,7,6,16,10,6,8,6,8,6,11,2,9,5,10,8,4,8,6,9,4,10,11,8,6,3,6,7,6,6,7,10,4,9,11,3,7,5,10,7,13,7,5,9,5,2,6,3,8,7,9,8,4,8,9,11,7,6,7,8,7,7,7,7,9,9,9,7,9,8,12,10,8,9,7,6,10,7,4,5,10,11,5,9,6,7,8,5,9,4,8,7,6,5
42,722,0.742142857,3,5,4,4,14,7,7,9,7,7,9,13,6,7,7,7,8,7,5,6,4,5,7,7,9,6,7,9,10,5,5,6,10,6,9,6,8,6,10,12,5,8,8,10,5,11,6,5,4,6,7,5,11,8,7,9,3,7,10,9,7,6,10,8,7,7,7,6,4,4,8,6,4,12,9,9,6,6,7,4,10,9,10,6,8,10,9,9,6,7,5,7,7,9,7,7,4,6,10,6
44,696,0.751428571,6,8,10,6,7,9,6,7,10,7,6,7,6,5,6,4,5,5,6,7,7,8,8,8,8,9,10,8,3,9,7,4,7,6,4,9,6,5,6,9,7,10,8,9,4,7,4,7,8,6,8,10,7,8,7,6,8,9,3,5,8,4,11,6,3,9,6,8,4,2,5,8,6,10,4,6,8,4,10,10,8,9,11,9,10,6,6,4,4,8,7,7,12,6,8,6,10,5,8,5
46,723,0.741785714,8,3,5,3,7,4,6,7,8,10,9,6,8,8,4,7,2,10,9,6,7,9,9,8,5,9,4,7,7,4,6,6,3,5,8,7,8,8,9,10,4,5,12,9,9,5,6,6,7,5,7,7,12,6,8,11,6,6,7,7,4,8,8,11,10,6,7,6,7,6,5,8,5,8,7,6,6,11,11,10,6,11,11,7,5,5,10,9,8,5,6,11,9,4,12,5,10,11,8,6
48,702,0.749285714,10,4,6,7,2,5,3,8,5,5,7,6,5,7,13,5,6,4,8,4,8,3,2,9,10,8,10,11,6,11,7,3,9,5,7,10,10,11,5,12,9,8,7,7,8,5,6,4,4,5,5,3,4,7,8,4,4,2,12,10,7,7,7,8,6,6,4,9,9,6,6,11,9,5,5,7,7,6,7,5,10,7,11,4,8,9,9,11,7,9,11,8,10,6,8,7,4,13,5,9
50,720,0.742857143,10,5,8,4,7,8,6,6,7,7,9,4,2,12,9,7,9,8,6,7,6,10,6,4,5,14,7,6,4,9,9,5,7,6,6,5,7,12,3,6,5,7,9,6,8,7,8,6,8,12,5,4,9,8,5,13,8,6,8,7,7,7,6,12,8,6,6,8,5,4,7,8,6,7,7,5,9,8,7,9,8,6,12,8,9,3,6,7,3,6,6,9,7,9,9,7,5,6,9,16
52,684,0.755714286,7,8,7,10,3,7,7,9,7,6,8,8,6,6,5,8,8,5,6,7,6,6,5,6,4,9,6,5,8,7,4,5,6,9,6,10,3,5,8,6,11,5,8,7,6,5,6,7,5,11,7,7,7,7,8,7,8,6,6,8,9,9,4,6,8,8,8,7,4,6,8,7,11,8,8,6,3,7,12,5,7,7,9,10,8,6,5,5,4,3,5,8,5,6,11,9,9,4,4,11
54,659,0.764642857,7,1,8,9,7,6,6,6,6,5,9,9,3,3,8,8,8,6,8,7,7,8,8,5,2,6,5,4,8,9,11,6,8,6,4,4,9,9,4,5,6,12,9,3,7,8,10,9,2,8,5,5,9,4,7,3,7,4,7,9,5,6,4,5,10,8,6,5,5,5,5,8,2,5,8,13,5,6,10,6,5,4,10,8,8,8,4,8,6,2,7,6,9,7,6,6,6,11,10,9
56,725,0.741071429,8,10,4,8,6,8,11,5,6,9,13,6,11,8,9,6,9,5,9,4,6,9,10,8,5,7,4,9,5,2,7,6,9,6,7,8,6,7,10,8,8,11,9,7,6,6,8,7,6,7,2,11,8,6,6,5,8,8,6,10,5,4,5,10,6,6,8,6,8,8,7,6,7,6,6,8,10,12,12,6,8,7,5,5,7,5,8,5,5,10,5,9,7,9,8,9,5,4,12,7
58,543,0.806071429,5,7,6,4,7,9,5,3,6,3,8,2,1,7,4,4,4,7,7,3,8,6,4,4,5,6,10,4,4,4,5,2,4,8,5,5,7,6,8,4,4,8,3,6,8,4,6,9,3,4,5,2,7,6,5,4,4,7,4,9,5,4,4,5,3,6,8,3,5,5,4,4,5,2,3,3,4,3,11,7,1,5,13,5,8,5,8,7,5,3,4,5,6,9,7,2,11,9,8,9
60,547,0.804642857,9,10,6,6,5,3,8,9,4,8,10,5,3,7,7,6,6,5,4,4,3,8,6,8,3,4,3,5,6,5,4,5,3,5,7,5,5,4,5,6,4,2,6,6,8,5,1,5,7,11,4,5,4,8,7,7,5,1,6,8,3,5,6,5,6,5,4,7,4,5,4,5,3,9,7,8,1,5,5,8,4,5,5,4,5,8,4,5,7,4,6,5,6,4,7,9,7,4,5,3
62,558,0.800714286,9,9,3,5,4,4,6,10,4,9,2,4,4,2,6,7,7,5,5,3,7,8,4,7,4,2,8,7,9,5,5,4,5,7,7,7,7,7,6,3,6,4,10,6,7,10,4,5,3,6,1,12,5,9,8,6,2,8,1,4,3,4,6,0,7,1,6,6,5,2,8,3,7,3,4,8,9,3,2,2,6,4,6,6,6,10,5,7,5,7,7,8,4,6,6,7,7,7,4,7
64,583,0.791785714,8,7,7,3,7,6,4,6,5,6,7,8,4,7,10,4,7,5,5,6,7,4,5,5,6,6,4,8,3,4,2,3,7,2,6,12,6,6,4,7,7,4,7,3,11,6,6,6,3,4,7,9,3,7,7,7,3,2,7,4,9,4,4,5,6,4,7,6,7,4,10,8,6,6,6,6,6,5,8,6,5,12,6,9,5,7,4,2,5,4,8,7,8,7,5,5,2,11,5,1
66,564,0.798571429,3,6,9,7,5,3,7,4,7,10,5,7,1,4,2,4,4,5,6,7,6,5,6,4,6,3,3,4,3,5,2,3,5,9,6,9,5,6,9,2,9,7,9,10,5,4,6,6,5,7,6,5,5,8,4,6,4,5,3,7,6,4,6,5,6,6,4,8,4,4,7,3,6,8,5,5,4,7,7,7,6,8,6,11,4,7,5,11,8,4,7,7,6,3,7,4,4,9,5,2
68,571,0.796071429,8,6,4,5,4,6,5,5,7,6,4,4,11,8,4,3,7,6,4,5,7,8,6,5,4,5,5,3,6,6,6,9,1,9,5,3,6,5,5,3,3,6,6,7,9,2,7,6,6,6,5,7,9,8,5,8,5,4,5,10,5,4,6,11,5,8,7,5,2,5,5,6,10,4,8,9,8,3,1,6,6,10,6,6,5,5,3,3,10,5,3,2,5,7,6,10,3,4,5,6
70,644,0.77,9,4,5,7,10,5,5,3,7,5,8,6,9,5,3,6,9,9,7,2,8,7,4,4,9,7,9,5,6,8,11,1,2,8,8,5,5,5,7,4,6,7,7,10,4,4,11,5,7,8,10,4,4,5,7,4,5,5,10,7,7,9,9,5,9,7,7,5,4,8,11,6,7,10,8,6,2,8,8,5,8,4,7,9,8,5,7,6,8,5,6,7,7,6,9,6,6,5,3,4
72,585,0.791071429,5,2,4,4,5,5,9,6,3,5,4,6,6,7,9,4,5,6,8,4,7,4,6,7,4,4,12,4,8,5,5,10,5,6,9,3,8,3,5,7,7,5,6,5,3,8,7,4,3,3,3,9,8,6,5,4,6,10,10,5,8,6,5,8,7,6,5,6,8,5,7,8,4,4,6,7,6,7,5,1,5,7,7,4,8,4,8,6,6,7,6,8,6,4,4,9,4,4,7,6
74,581,0.7925,5,7,12,10,7,5,3,5,10,5,2,8,4,7,5,5,4,9,2,8,8,5,5,3,9,7,6,7,6,4,7,5,7,4,2,7,5,5,6,0,10,5,11,7,3,6,13,5,4,5,5,5,4,5,6,5,8,8,9,9,4,6,11,3,10,11,7,3,5,5,5,6,3,6,1,7,5,7,4,5,4,2,5,3,5,8,5,4,6,7,7,6,7,4,4,6,9,3,5,3
76,582,0.792142857,6,6,5,6,8,8,8,3,4,10,6,3,9,4,1,6,4,7,4,3,7,8,4,5,9,4,9,7,4,3,9,5,8,7,4,13,4,9,5,9,5,7,8,1,3,4,5,2,10,8,4,6,5,4,3,3,6,6,6,5,10,7,9,10,5,6,3,5,5,6,4,8,3,6,1,5,8,6,6,7,7,8,5,6,5,3,5,6,7,4,9,7,9,9,2,3,6,7,5,4
78,562,0.799285714,6,7,8,5,8,5,8,4,4,6,3,5,8,6,8,5,6,4,8,3,6,9,6,5,7,4,9,4,6,7,5,3,4,6,5,4,8,6,5,8,5,5,4,7,7,7,9,4,5,3,6,5,5,11,7,5,2,3,5,5,7,4,8,3,2,7,3,4,13,11,8,5,7,7,7,5,3,9,5,3,5,5,5,2,7,6,4,8,5,5,2,6,5,8,3,5,4,4,4,4
80,604,0.784285714,9,12,5,8,5,10,2,3,6,5,8,11,5,3,3,6,3,8,13,4,7,7,6,8,7,4,5,8,9,4,4,6,7,2,6,3,9,5,5,8,4,6,4,5,5,6,6,1,7,7,2,9,8,9,5,6,3,10,7,6,5,5,5,5,4,3,5,8,7,8,2,7,5,5,7,7,4,2,6,3,5,8,6,7,14,5,5,6,10,6,6,8,9,7,8,6,8,4,5,3
82,572,0.795714286,3,5,3,4,9,5,8,6,6,6,6,6,2,5,5,4,3,6,4,4,5,11,3,5,3,6,7,6,4,4,2,4,6,5,5,10,7,5,11,10,6,7,4,2,11,8,3,4,6,5,7,8,4,5,9,8,6,5,4,2,6,4,5,6,6,7,8,3,8,9,5,9,5,8,7,9,3,7,4,6,2,10,8,4,5,5,7,8,5,3,8,5,4,5,5,5,6,9,5,5
84,537,0.808214286,6,6,5,4,4,6,8,3,7,6,7,12,7,4,12,5,7,3,8,6,3,6,5,4,6,6,10,6,2,8,7,5,8,8,4,5,4,2,3,3,2,8,6,2,5,4,8,6,3,3,4,8,7,3,5,3,6,0,7,3,11,5,6,4,4,7,7,3,5,7,9,6,8,0,6,3,4,12,5,2,4,2,6,2,5,6,7,5,5,1,4,9,5,7,6,10,4,3,3,5
86,583,0.791785714,6,6,2,4,4,6,6,7,4,12,6,7,5,4,5,5,5,3,6,7,5,7,3,2,7,8,2,3,4,5,5,3,6,11,6,5,6,7,4,4,5,7,8,7,7,7,4,9,4,5,6,8,6,4,6,10,3,9,8,6,5,5,4,3,6,5,9,6,5,10,8,8,5,7,6,6,5,2,6,6,6,6,4,8,8,7,6,3,6,5,8,1,7,7,9,3,8,9,7,6
88,567,0.7975,4,6,5,6,5,7,3,7,9,7,5,6,9,3,6,2,7,4,5,6,6,4,6,7,6,4,9,5,5,5,4,9,8,5,1,7,8,6,6,4,4,5,4,5,7,8,7,8,5,6,6,6,6,9,4,10,8,2,6,5,4,10,2,5,5,2,7,9,5,7,3,6,6,4,7,7,8,4,5,6,5,3,5,7,5,9,3,6,2,6,7,3,9,7,6,3,0,10,5,6
90,507,0.818928571,4,4,4,3,9,4,4,3,5,3,6,4,4,4,4,3,2,5,7,6,1,6,4,4,9,6,5,3,7,8,5,5,8,6,4,2,8,12,5,4,8,8,5,4,1,5,4,3,3,6,6,5,4,7,5,5,5,5,6,4,5,5,4,6,7,10,4,5,5,8,7,2,3,3,1,4,6,5,4,6,4,5,5,5,4,9,5,9,3,4,5,8,7,6,5,4,4,8,6,2
92,575,0.794642857,5,9,3,7,3,6,6,7,3,6,3,8,9,7,5,4,3,2,6,8,7,6,6,2,4,10,6,11,6,3,5,4,8,4,6,3,5,6,7,7,11,7,6,5,3,4,6,7,4,7,9,4,6,6,6,6,5,5,3,10,4,9,5,6,5,3,7,5,6,8,7,6,11,7,4,7,4,4,7,5,4,7,7,5,4,3,6,4,4,7,4,5,5,5,4,8,10,6,6,5
94,580,0.792857143,5,5,9,7,5,5,7,4,8,2,8,4,6,7,8,11,6,4,8,7,8,9,6,10,6,1,5,6,2,13,5,6,2,4,5,7,3,2,4,5,5,7,4,6,6,6,3,3,9,6,5,7,4,6,8,6,7,2,5,4,5,7,9,6,5,8,6,7,6,5,6,5,7,7,8,4,7,7,7,6,5,10,3,3,7,6,7,7,2,6,6,5,5,4,7,8,5,3,3,6
96,584,0.791428571,5,3,6,6,5,7,6,6,9,5,10,7,3,6,5,4,7,7,3,7,7,7,4,4,8,5,4,5,7,6,5,5,7,4,8,8,5,4,6,3,4,6,8,12,11,5,5,5,7,6,3,2,7,4,6,4,7,6,5,8,3,8,7,8,4,6,7,4,6,4,7,8,6,6,5,6,3,12,6,4,5,4,9,5,5,4,5,4,6,7,6,6,5,6,4,6,5,7,7,8
98,578,0.793571429,5,9,5,8,4,7,5,6,13,11,5,2,5,5,4,5,11,11,2,7,7,6,9,6,4,4,5,4,6,7,7,9,7,7,5,4,7,2,2,6,7,2,2,6,8,5,5,9,5,7,3,5,8,7,6,4,5,1,6,5,7,6,7,8,5,1,5,6,5,8,4,4,5,6,7,6,8,3,2,3,2,7,6,4,10,8,6,7,8,5,5,10,7,5,3,4,9,5,6,5
100,596,0.787142857,7,7,6,9,6,3,10,6,7,9,7,6,4,12,5,3,7,7,5,4,4,4,8,8,4,6,3,9,10,6,3,10,7,7,7,6,9,5,3,7,4,6,6,8,5,4,8,9,8,4,4,6,9,7,4,6,6,5,7,4,7,8,1,6,3,6,7,6,5,5,6,8,5,4,6,5,5,3,7,6,8,3,6,6,7,3,5,7,8,3,3,9,7,5,5,7,2,6,7,4
102,567,0.7975,4,7,2,3,3,5,2,7,9,5,8,7,5,5,7,5,4,7,8,3,6,5,11,3,7,9,6,9,1,5,6,6,2,3,11,4,4,6,6,6,9,12,6,6,8,4,5,8,6,7,7,7,4,4,5,5,3,4,5,4,7,8,3,6,6,4,4,11,4,7,7,3,5,7,2,4,6,3,7,10,7,3,9,4,3,8,7,8,8,7,5,8,6,2,3,5,6,3,8,2
104,608,0.782857143,4,6,9,7,7,11,8,5,5,5,4,6,5,8,5,3,8,9,8,11,7,3,7,7,6,3,5,6,6,2,12,8,7,5,9,2,1,4,7,4,5,5,1,6,6,7,5,7,5,7,5,5,7,10,4,3,6,4,9,5,9,6,4,6,6,7,9,10,6,6,4,4,2,5,5,7,4,6,6,6,6,12,10,9,7,4,7,7,8,5,9,4,3,7,6,6,6,5,5,7
106,624,0.777142857,7,6,5,7,2,7,8,5,3,3,10,11,8,7,7,6,5,5,8,3,5,7,8,5,5,7,5,3,5,9,7,6,8,4,9,5,6,6,7,6,6,7,6,8,5,5,7,8,1,6,7,6,6,6,8,8,9,10,7,7,12,6,10,6,7,5,9,8,6,5,6,6,10,7,4,4,2,6,9,3,4,5,5,8,4,6,5,2,7,4,8,5,5,5,10,4,9,10,4,4
108,590,0.789285714,8,9,7,4,13,7,4,2,4,5,8,5,9,5,7,5,7,5,3,5,7,6,7,4,9,5,7,7,5,4,6,9,6,4,6,4,6,5,4,11,8,2,8,7,7,9,7,4,5,7,7,8,6,3,9,7,3,4,2,7,5,6,6,5,3,3,10,4,8,6,6,6,5,2,7,8,5,6,10,8,7,3,5,4,4,6,8,5,4,11,3,6,5,4,7,6,2,5,6,6
110,586,0.790714286,8,7,8,6,3,5,4,9,4,6,6,6,4,1,6,5,5,3,7,7,5,7,5,5,5,6,8,9,12,6,8,6,8,9,6,6,10,7,4,7,5,8,3,7,6,3,3,4,7,4,8,8,4,6,7,7,4,6,9,8,3,10,10,4,2,6,5,10,8,1,4,8,11,2,6,6,5,4,6,7,6,4,3,7,8,4,7,9,5,6,9,2,3,6,1,3,5,6,6,2
112,610,0.782142857,9,6,6,5,4,2,13,6,8,5,9,7,10,4,8,8,7,5,5,6,8,4,3,7,5,4,9,7,6,7,7,12,4,5,5,6,3,4,2,3,3,7,8,9,4,6,7,7,7,7,5,3,5,4,4,5,7,9,5,3,11,4,8,9,6,4,5,6,6,6,5,10,4,5,6,3,6,6,6,7,6,7,3,6,8,7,5,8,9,4,6,9,4,9,8,3,5,5,6,10
114,587,0.790357143,7,4,8,5,7,2,6,4,6,4,4,6,8,4,7,8,6,4,4,4,2,9,6,8,4,4,6,6,7,5,13,7,9,3,7,6,5,8,7,7,3,5,6,5,5,2,6,6,5,8,5,4,5,10,8,5,5,8,7,4,4,5,5,5,4,8,7,4,4,5,6,3,6,8,5,6,7,5,8,4,4,3,11,5,5,7,4,8,12,7,6,8,4,7,6,9,6,11,3,3
116,611,0.781785714,4,6,5,6,9,11,3,6,8,7,8,8,5,7,5,8,8,6,4,10,6,3,5,2,8,10,4,6,9,8,5,12,8,7,6,8,3,2,6,2,6,7,9,6,6,6,7,5,8,7,8,5,2,5,7,4,9,8,9,6,7,5,5,6,4,4,6,6,6,6,3,7,5,2,6,7,5,9,7,7,7,7,3,5,8,4,7,6,6,9,6,4,5,4,3,4,9,4,7,6
118,636,0.772857143,5,12,5,9,6,9,8,5,6,6,3,8,5,5,3,4,7,5,5,4,4,6,7,8,7,7,6,5,6,7,8,5,7,11,6,6,12,9,8,3,12,4,8,5,5,4,8,7,5,5,7,5,7,9,5,6,6,11,8,7,7,4,4,10,7,4,5,3,3,9,4,8,6,9,7,6,6,7,7,5,8,9,6,6,5,5,11,4,9,6,6,4,4,6,5,5,7,6,7,4
120,610,0.782142857,5,5,4,4,6,5,7,8,9,5,11,9,6,7,8,9,6,3,5,6,4,8,3,5,4,10,8,6,3,8,9,5,6,6,6,7,2,5,4,11,2,6,7,7,3,5,4,3,6,9,6,8,9,7,6,5,11,6,7,9,4,11,4,2,9,8,4,11,5,6,6,7,4,6,8,7,2,8,3,5,7,9,5,9,5,7,3,6,9,5,7,5,8,6,7,1,3,3,9,2
122,619,0.778928571,9,8,6,7,4,5,5,5,3,10,6,4,5,7,8,9,8,7,3,7,9,3,2,4,9,9,7,4,15,4,5,3,7,10,6,8,4,5,7,8,7,8,4,3,11,5,4,1,8,7,6,6,6,7,8,8,10,7,7,5,8,6,4,5,11,5,6,5,4,8,7,3,6,6,5,3,3,6,5,10,8,6,7,8,6,7,11,3,6,3,4,4,5,4,9,7,8,4,6,4
124,597,0.786785714,6,5,3,4,3,6,10,7,9,5,2,5,5,9,8,6,8,8,6,5,7,3,4,6,4,7,4,7,8,14,7,6,1,7,5,4,8,6,3,4,10,5,9,10,7,7,8,7,5,4,4,5,3,8,5,5,8,7,8,4,2,5,6,6,7,5,3,5,1,4,4,11,7,6,6,9,5,6,5,6,5,6,7,10,9,5,10,10,5,4,10,5,6,1,5,4,7,6,5,4
126,649,0.768214286,9,5,4,11,1,10,5,4,9,6,3,8,3,7,5,6,7,8,5,5,11,11,9,6,8,6,5,9,7,3,6,8,6,3,3,6,11,7,11,1,7,7,7,9,3,11,10,7,7,4,7,9,3,4,12,10,5,2,8,3,12,7,6,4,7,8,5,7,9,12,6,5,5,3,7,9,7,4,9,6,4,5,7,6,5,4,6,6,7,7,8,5,7,5,6,3,7,7,8,5
128,604,0.784285714,6,6,5,7,6,7,7,12,8,4,8,5,7,3,10,4,9,9,7,8,15,2,8,5,3,4,5,5,5,4,4,6,9,7,6,4,6,7,5,4,6,6,1,3,4,4,7,2,7,8,5,7,6,7,4,7,4,7,6,7,12,4,2,5,4,6,4,2,4,8,8,6,5,8,7,6,6,8,8,7,3,14,8,6,10,3,5,6,4,8,7,4,3,4,8,8,4,6,5,8
130,609,0.7825,5,7,5,5,7,8,3,9,4,6,4,4,6,4,8,7,9,13,4,6,5,4,7,5,6,6,7,8,5,5,5,5,6,4,8,7,7,5,8,7,4,9,8,7,8,4,11,4,7,9,9,6,6,8,4,4,9,4,8,6,2,6,5,5,4,8,5,7,6,4,8,7,4,7,6,9,9,3,8,3,2,2,7,5,3,8,9,5,9,8,4,7,4,3,3,5,8,10,6,6
132,637,0.7725,7,6,10,5,9,3,6,8,7,5,5,7,6,2,9,8,3,3,5,3,7,7,7,6,7,5,8,4,8,14,8,3,7,7,5,4,7,7,6,6,6,5,3,4,9,4,6,5,6,11,4,4,10,4,8,6,3,4,6,4,5,7,9,5,3,9,5,13,4,4,6,7,11,4,13,5,8,4,7,6,6,8,9,8,11,8,4,8,4,5,5,7,7,8,4,4,8,8,9,9
134,598,0.786428571,5,5,6,3,6,3,8,6,7,8,8,6,6,3,5,3,4,11,6,6,3,8,7,6,4,5,5,6,9,4,7,7,4,6,4,10,7,5,7,8,6,9,4,8,6,3,6,7,8,4,6,7,6,6,12,6,6,8,13,5,4,6,4,5,6,4,6,3,7,10,6,5,5,4,8,5,7,6,3,7,2,6,5,6,6,9,6,4,8,4,5,5,5,4,11,4,7,2,6,9
136,656,0.765714286,7,9,6,9,11,8,5,5,5,9,8,6,7,5,7,6,7,7,3,2,8,3,6,5,6,7,13,8,8,8,8,6,4,6,4,9,4,11,6,7,6,8,9,7,5,7,12,5,6,7,6,10,9,8,9,5,8,6,2,5,6,4,6,5,5,8,6,5,10,6,4,9,7,9,6,7,6,4,6,7,6,5,6,5,10,4,3,5,2,5,7,6,10,8,6,6,8,5,8,6
138,613,0.781071429,7,9,7,7,7,6,7,5,4,5,8,4,6,9,5,5,8,6,4,7,9,8,7,6,10,10,11,3,3,6,6,4,3,5,9,8,7,6,7,8,9,5,8,7,6,4,5,6,4,4,10,3,4,3,2,6,9,11,5,8,2,8,3,4,5,7,6,6,7,5,5,7,7,5,7,3,2,2,9,11,11,3,2,6,3,2,5,8,7,8,11,5,5,4,4,5,10,6,10,6
140,590,0.789285714,10,11,3,4,7,6,9,6,6,1,6,6,5,6,4,5,5,8,8,5,4,4,8,3,5,5,5,6,6,8,4,7,4,6,4,3,4,6,7,10,8,9,3,5,5,6,8,3,6,6,8,6,6,10,5,6,3,5,2,2,8,6,6,5,6,6,4,4,7,8,10,5,7,6,7,8,4,7,5,6,3,4,5,6,8,5,7,6,6,4,8,9,5,7,6,6,7,8,6,7
142,620,0.778571429,9,7,7,6,6,6,8,5,7,4,6,2,5,7,10,11,10,10,7,10,5,8,4,4,4,3,5,6,6,7,4,3,6,7,6,5,5,5,3,5,10,6,10,3,6,5,5,9,7,12,4,2,10,11,5,6,6,5,5,4,7,6,5,7,9,2,4,9,9,4,10,6,4,4,4,5,6,4,6,7,3,4,6,6,8,7,4,8,5,8,10,4,7,6,9,7,4,6,8,7
144,627,0.776071429,2,7,4,6,3,8,8,7,9,6,9,8,4,3,7,6,2,9,5,5,8,9,6,6,5,6,10,8,4,3,7,11,8,6,8,7,11,3,13,6,4,4,9,9,11,8,9,7,3,7,10,10,9,4,6,3,7,4,7,8,6,6,3,8,9,10,7,8,4,7,7,4,7,5,4,6,6,4,6,2,6,7,5,7,6,6,4,6,5,6,7,4,5,0,7,8,3,6,4,4
146,609,0.7825,9,12,5,8,6,2,5,7,6,7,7,14,7,7,4,5,4,7,8,3,3,7,12,4,4,7,3,7,9,7,6,5,8,3,8,9,5,6,4,6,7,5,5,7,3,6,7,4,7,4,9,3,9,10,8,2,6,6,7,6,6,3,6,4,5,7,6,8,4,7,4,5,6,5,2,5,3,4,7,3,11,5,9,7,7,7,9,4,9,8,3,5,7,5,6,6,4,5,7,8
148,628,0.775714286,3,10,2,5,7,8,8,5,6,3,10,7,7,8,7,7,9,8,7,12,9,8,6,5,3,12,7,1,2,6,10,3,6,8,8,9,5,8,9,3,4,8,3,5,5,8,3,3,6,4,7,7,8,9,6,6,6,8,6,8,7,8,8,8,3,5,5,9,7,5,8,4,5,6,4,2,8,8,9,5,4,5,6,5,3,5,6,10,4,8,7,12,4,6,6,5,6,5,6,4
150,669,0.761071429,9,9,9,6,13,7,8,4,8,6,10,5,2,4,10,3,5,9,5,4,8,7,3,7,5,4,5,5,6,5,5,6,6,7,6,3,9,9,6,7,9,7,9,7,6,7,6,8,8,8,9,8,3,3,6,7,9,6,8,4,3,9,10,5,9,5,10,10,12,4,10,5,4,9,8,3,8,4,7,10,9,7,5,7,3,6,7,7,7,8,4,9,3,4,10,9,8,3,9,6
152,648,0.768571429,7,8,8,6,9,7,4,6,6,3,5,8,7,6,5,7,5,8,10,7,3,7,2,9,4,6,12,6,9,6,4,7,7,5,8,6,8,3,9,4,9,8,8,10,9,4,4,4,10,8,6,5,4,4,7,6,10,6,5,9,6,11,5,6,7,6,9,6,4,7,7,7,2,9,4,7,3,4,6,5,5,7,4,3,9,2,8,9,6,5,8,8,5,5,6,4,10,8,15,7
154,659,0.764642857,6,7,5,9,7,8,6,5,5,9,6,5,6,4,7,6,8,8,5,7,8,3,10,9,5,8,9,10,10,8,12,7,8,8,7,13,10,6,10,8,7,5,10,9,5,3,7,8,7,3,5,6,5,6,5,8,6,3,8,7,5,9,10,9,1,3,3,3,7,7,6,6,5,4,5,7,8,7,5,4,4,7,8,8,8,5,6,6,6,8,4,4,5,5,2,7,5,12,4,10
156,665,0.7625,9,6,1,8,5,10,5,3,6,10,10,9,8,6,6,5,2,9,4,5,8,2,12,7,5,9,6,7,7,4,3,6,2,6,7,5,7,5,7,7,4,6,5,4,10,8,12,8,11,6,5,5,7,11,3,7,10,7,6,7,5,5,8,7,8,5,6,6,8,6,4,7,7,8,5,6,7,4,5,6,3,7,8,5,8,9,8,7,7,6,9,4,6,7,7,10,10,10,11,9
158,676,0.758571429,4,11,10,5,9,5,5,5,6,5,5,10,4,9,4,9,13,3,7,6,7,8,4,8,7,10,8,9,5,5,10,9,3,4,2,7,7,8,5,8,8,10,5,12,5,7,4,3,5,8,8,9,5,7,9,4,6,7,6,10,7,5,3,7,4,9,8,7,6,14,5,4,8,6,8,8,6,10,7,3,6,7,11,9,6,8,6,4,7,4,4,4,8,6,6,7,11,7,7,6
160,679,0.7575,6,8,6,3,6,10,5,5,11,7,4,7,4,7,8,3,9,8,6,6,8,8,3,6,8,6,6,4,3,3,9,5,5,9,5,4,8,6,8,9,5,10,5,7,5,9,8,7,7,5,10,5,7,8,8,6,9,5,4,5,8,7,10,8,10,11,4,6,7,8,5,8,11,8,7,8,6,8,1,5,5,6,7,7,5,8,8,7,6,6,8,8,7,10,10,8,7,10,5,8
162,715,0.744642857,6,9,5,9,8,5,7,4,7,9,8,8,3,4,2,10,10,5,8,4,6,13,8,8,2,6,9,10,10,5,5,8,8,5,7,9,9,11,4,6,7,8,7,10,8,6,6,6,7,7,10,9,4,10,6,6,9,8,5,7,8,5,9,8,6,8,8,9,5,9,9,3,10,4,12,3,3,8,7,7,7,9,6,11,9,8,10,7,5,6,4,8,6,7,3,10,6,6,13,7
164,679,0.7575,12,9,7,5,4,7,11,10,11,8,7,8,5,4,8,2,7,8,6,5,6,10,8,5,6,11,6,5,4,7,7,5,8,6,2,10,8,6,10,5,8,4,5,12,8,5,2,5,7,7,8,6,6,10,4,6,7,8,6,10,5,9,9,4,9,6,10,4,7,8,9,5,7,6,9,5,5,2,9,5,5,10,6,10,5,7,7,5,5,8,7,10,6,4,9,5,5,6,8,5
166,709,0.746785714,9,9,6,3,8,6,8,3,10,7,8,3,6,11,5,5,6,6,5,3,8,8,7,9,7,9,3,6,7,7,7,7,9,9,9,10,10,8,6,10,6,7,6,5,11,5,7,8,7,7,5,5,7,9,7,7,9,9,6,9,6,9,7,7,4,8,4,6,6,6,8,7,8,10,9,12,5,8,6,9,8,11,11,8,10,6,8,8,4,5,8,8,9,6,8,9,5,3,1,3
168,642,0.770714286,11,7,7,3,7,10,3,6,8,9,7,7,4,3,5,3,6,5,4,5,7,8,10,7,7,8,7,4,7,8,5,7,4,5,4,3,2,8,8,6,8,7,4,4,5,9,7,4,7,6,7,7,9,6,5,6,7,9,7,7,3,8,7,6,9,6,11,5,7,4,7,6,7,8,10,6,10,5,7,6,3,8,9,6,6,3,9,8,7,6,5,6,5,5,5,9,8,6,11,3
170,687,0.754642857,6,7,8,11,5,7,12,5,5,10,5,4,3,7,8,5,11,9,10,5,5,8,7,6,9,4,5,11,8,10,4,5,9,7,8,9,8,9,1,8,7,8,10,8,9,5,7,8,9,5,5,7,8,6,10,8,8,3,7,5,8,6,7,7,9,5,7,6,7,5,9,4,8,4,6,8,8,10,7,10,2,7,7,5,7,4,10,4,4,5,11,4,3,7,7,8,6,6,5,7
172,656,0.765714286,6,13,6,5,3,5,9,4,7,5,14,6,6,8,4,6,5,6,5,12,5,5,6,6,3,13,7,5,4,9,4,7,4,6,11,8,6,5,7,8,14,9,7,6,7,4,10,9,10,4,9,10,6,7,6,9,7,5,6,7,7,7,5,6,4,10,8,5,5,8,7,6,8,7,7,5,5,4,6,4,5,9,4,4,5,5,4,7,6,9,4,5,6,3,6,7,9,4,5,9
174,683,0.756071429,7,7,10,6,6,11,6,5,5,5,7,5,9,9,6,6,9,9,7,9,9,9,3,6,7,5,2,9,7,8,9,5,8,7,6,5,11,7,8,8,7,5,10,8,10,9,5,11,9,5,6,4,6,3,4,5,8,5,6,9,8,7,7,8,8,9,6,8,4,9,5,8,7,4,11,8,8,9,5,6,8,6,4,6,8,8,4,7,3,7,8,4,5,6,6,9,6,4,2,9
176,657,0.765357143,7,1,8,5,9,6,8,5,4,5,8,6,3,7,10,5,10,6,6,7,5,9,6,9,9,4,7,7,5,10,6,7,5,5,2,7,4,4,6,6,4,8,5,6,4,12,9,9,11,6,5,10,8,2,7,8,8,4,11,5,5,6,10,6,7,4,13,8,3,6,9,8,6,7,6,12,6,6,4,6,4,7,6,2,6,5,6,8,6,8,7,8,7,6,12,3,5,5,10,7
178,621,0.778214286,6,6,4,6,7,6,7,2,7,10,10,5,10,7,6,6,7,5,5,8,7,8,6,6,6,7,7,4,10,7,3,8,5,9,9,4,7,8,5,5,11,7,6,2,7,8,9,5,3,10,8,8,7,6,2,3,9,8,8,5,10,7,6,3,4,3,3,6,7,5,7,5,4,4,8,9,7,2,8,4,4,0,7,7,3,6,4,6,4,6,7,8,7,7,11,8,4,6,7,4
180,644,0.77,4,2,3,6,11,7,4,6,6,7,8,7,5,5,6,6,8,6,4,6,5,6,6,7,7,5,5,10,4,13,8,10,7,8,6,5,6,9,4,7,6,7,6,6,5,6,8,6,6,5,6,7,6,4,8,6,6,4,6,8,6,6,10,2,11,10,4,7,7,3,5,4,10,8,6,7,12,11,5,4,8,9,5,4,8,8,8,6,8,6,9,3,3,5,3,9,8,7,7,5
182,663,0.763214286,4,7,8,7,8,7,6,9,6,13,8,7,9,1,4,10,7,6,8,5,11,2,7,2,5,7,9,10,10,4,8,5,8,8,8,6,6,7,13,9,3,7,9,7,4,6,7,5,6,6,4,7,7,5,3,6,5,4,10,5,5,6,5,2,8,7,4,2,10,5,6,9,9,10,7,7,11,6,6,3,7,6,4,5,5,6,6,8,8,9,8,2,7,9,8,9,6,9,6,6
184,674,0.759285714,6,5,8,6,9,8,11,8,11,7,9,8,6,10,9,3,9,6,9,12,5,10,9,9,6,7,3,9,4,8,6,8,7,5,4,5,6,10,7,7,6,3,5,3,5,5,10,8,5,7,2,7,8,11,4,5,4,6,8,9,8,8,5,4,3,6,6,8,8,8,7,2,9,8,8,2,5,3,8,6,8,3,5,9,6,10,10,4,9,11,8,5,8,3,5,8,6,5,8,5
186,645,0.769642857,4,7,4,6,9,6,7,6,5,6,5,12,4,4,9,3,7,6,7,6,10,7,7,11,4,5,6,6,6,8,7,4,8,6,8,5,8,11,5,5,4,7,5,4,5,8,5,9,4,5,7,6,5,4,10,5,5,8,4,5,4,10,10,10,6,9,5,6,5,11,9,7,6,2,10,5,7,7,7,10,11,10,5,3,7,8,9,6,9,7,5,4,6,3,3,5,8,5,3,7
188,660,0.764285714,5,2,12,5,4,6,5,5,9,8,6,6,8,3,4,12,8,4,2,8,9,12,6,6,5,7,6,9,8,8,6,7,7,6,9,4,7,4,5,7,7,5,7,5,5,6,5,5,11,7,7,7,4,2,8,8,9,8,8,6,5,4,10,10,8,2,7,4,9,3,7,4,9,6,9,4,6,7,9,5,2,12,9,5,8,8,3,8,9,4,8,7,6,5,11,10,7,6,7,7
190,657,0.765357143,9,4,5,6,7,5,5,7,7,6,4,7,9,3,7,10,7,7,4,8,6,5,8,7,7,10,9,11,5,6,8,6,4,2,6,3,8,9,3,6,6,7,11,7,6,4,4,9,11,9,4,7,8,8,7,6,6,9,10,3,7,6,10,1,7,8,6,5,5,14,5,6,9,12,5,8,8,11,4,2,6,5,6,7,6,7,4,5,7,5,6,5,8,12,4,6,3,5,7,6
192,715,0.744642857,5,9,6,6,9,6,4,11,8,8,7,7,10,10,9,10,1,6,9,10,8,5,8,5,5,5,7,7,5,7,7,6,7,5,9,7,5,7,6,4,8,6,6,7,7,4,5,7,11,13,10,5,9,8,7,12,8,6,5,6,7,3,3,11,7,9,14,7,6,8,6,11,5,12,13,6,4,5,7,5,10,6,7,9,6,7,8,9,7,8,4,8,7,2,4,9,10,10,3,6
194,682,0.756428571,5,5,9,8,7,2,8,7,9,2,9,3,7,8,7,9,6,4,6,10,6,5,10,7,7,5,4,3,8,5,9,7,10,10,8,3,4,8,8,9,7,7,10,7,9,4,9,4,9,7,2,12,6,6,3,6,8,8,3,11,8,6,3,4,7,7,3,6,8,8,5,11,9,5,6,6,16,11,7,7,6,7,10,4,4,11,5,5,4,5,7,8,7,7,8,5,8,9,5,9
196,675,0.758928571,8,5,6,10,8,5,2,6,9,9,6,10,6,7,4,6,11,7,8,6,9,3,7,8,7,9,4,6,3,2,7,5,8,4,7,7,2,8,6,7,11,7,10,11,8,6,10,6,7,10,7,6,4,11,2,6,8,6,9,3,5,6,6,6,4,7,8,6,6,9,6,8,6,7,6,3,6,10,9,6,6,3,6,10,6,4,8,10,9,11,8,11,6,5,5,3,6,6,9,7
198,653,0.766785714,8,8,2,9,8,4,7,4,3,7,6,5,4,8,6,9,8,11,7,5,8,6,9,5,3,6,14,8,6,9,5,5,7,3,7,7,5,7,5,6,6,6,8,5,8,4,8,5,6,7,6,5,4,5,6,6,5,6,7,4,4,8,8,7,10,6,9,6,2,3,8,6,6,9,8,8,7,5,11,11,5,6,6,5,9,6,9,4,7,11,5,4,9,5,9,8,7,7,8,4
200,688,0.754285714,12,4,10,8,14,7,9,6,2,12,6,5,5,7,9,9,6,10,8,10,7,4,10,12,3,7,7,9,4,6,9,4,10,7,7,6,5,1,5,7,6,11,4,7,6,4,5,5,5,6,10,9,4,10,6,6,5,9,9,7,8,5,6,6,6,9,7,5,7,5,12,4,4,7,8,8,6,6,4,8,7,3,7,2,8,6,6,6,8,6,6,11,8,9,6,5,7,6,7,10
202,662,0.763571429,4,9,5,3,7,9,7,5,6,7,7,11,6,7,2,7,4,5,9,10,4,9,8,3,9,10,5,8,9,9,9,6,3,8,9,7,6,8,9,10,9,6,1,5,6,4,4,8,9,9,8,6,5,5,8,8,6,4,3,4,10,9,9,7,6,9,5,6,4,10,8,9,4,6,5,6,2,3,7,6,9,7,4,8,10,5,9,7,3,7,8,7,5,8,6,7,5,6,8,5
204,623,0.7775,7,6,6,8,1,8,5,9,6,3,6,4,6,9,8,5,4,6,8,5,3,8,6,8,1,7,5,6,4,6,6,4,8,7,7,2,4,7,4,6,7,8,8,5,8,7,10,7,6,4,6,5,7,6,8,7,7,7,6,3,4,7,6,9,8,9,7,8,6,4,7,6,4,3,4,6,7,9,9,10,8,6,6,6,5,10,5,5,5,5,8,7,7,9,8,5,3,7,7,7
206,625,0.776785714,6,7,5,3,7,4,6,5,8,7,7,5,7,6,5,5,9,7,5,6,9,9,6,6,6,7,11,5,7,7,9,4,2,4,10,8,7,2,8,4,10,5,4,4,4,5,6,3,7,2,4,5,6,8,7,6,5,3,11,3,11,4,6,9,6,5,12,10,8,6,2,5,5,7,12,4,9,7,7,5,6,7,6,10,9,6,4,8,5,8,5,4,8,9,4,8,3,8,6,2
208,668,0.761428571,6,8,9,7,6,4,6,11,7,3,10,6,6,7,5,5,9,3,7,6,6,9,8,11,4,6,4,8,5,4,6,5,6,9,4,6,14,4,8,6,6,11,3,6,5,9,5,8,8,4,10,7,6,9,8,7,6,2,4,10,9,5,4,6,8,9,4,6,7,6,6,8,5,11,8,7,6,11,6,5,8,9,6,3,8,5,8,8,8,6,3,7,6,7,10,6,6,6,7,6
210,700,0.75,10,6,5,9,7,11,5,9,3,5,4,8,14,4,6,10,6,6,10,8,5,5,5,4,6,8,5,7,6,9,10,7,7,10,4,5,9,7,7,10,8,2,9,8,5,3,12,8,9,7,9,11,8,6,12,9,2,3,5,5,9,8,5,8,3,5,4,6,4,8,7,6,7,8,10,4,8,6,5,10,6,6,7,6,4,8,7,6,11,8,7,4,6,9,11,8,5,10,7,10
212,737,0.736785714,11,5,5,11,11,12,5,5,7,7,6,9,11,6,7,9,5,6,9,9,8,9,13,9,4,8,8,7,6,7,8,5,6,4,8,7,4,7,7,9,8,4,10,6,5,5,4,3,8,4,9,8,4,10,10,9,9,3,8,4,8,6,13,9,9,8,9,9,7,3,9,3,6,8,7,8,6,6,10,11,6,10,5,7,6,2,8,8,9,10,7,7,7,8,9,9,7,8,7,11
214,728,0.74,8,6,12,9,6,7,10,5,8,7,8,9,9,6,5,5,11,4,6,7,10,10,6,9,2,9,6,10,7,8,10,5,6,9,8,7,4,9,6,5,4,8,9,12,8,7,7,5,7,7,5,9,9,5,9,9,6,5,8,8,9,8,8,7,5,8,9,6,10,9,8,4,7,4,2,6,10,4,8,8,11,6,5,13,7,8,6,8,14,5,5,8,8,6,6,2,9,8,8,4
216,724,0.741428571,7,8,9,6,7,5,7,3,10,7,7,10,8,5,6,4,4,3,7,10,7,6,10,9,6,7,8,8,4,3,9,6,9,7,6,6,6,10,6,6,10,7,5,10,12,5,6,9,8,10,7,9,10,6,2,7,9,6,6,11,8,6,4,12,8,7,8,8,8,9,8,6,7,12,7,5,9,10,9,4,5,9,4,7,6,6,6,7,7,5,7,6,11,6,7,8,8,7,12,8
218,689,0.753928571,6,9,6,8,8,6,8,7,8,6,9,5,9,6,11,8,10,7,6,7,9,10,8,8,3,8,4,9,7,4,7,6,6,3,6,9,8,8,5,6,8,9,8,11,5,5,9,7,7,5,6,4,7,8,7,5,8,5,8,5,10,9,3,8,5,6,6,7,8,7,6,2,7,7,7,7,9,9,5,9,8,9,5,9,7,4,6,12,7,9,6,4,8,7,3,4,6,5,7,5
220,746,0.733571429,9,11,6,9,5,9,11,9,8,6,7,10,7,7,8,9,9,7,4,4,9,11,4,7,7,4,8,9,9,5,9,9,9,7,5,9,2,13,6,5,12,5,6,8,7,4,9,6,9,6,8,8,5,8,6,7,6,7,8,5,11,7,14,9,5,10,8,8,6,10,8,7,6,6,5,12,8,5,7,7,7,9,14,9,6,6,12,7,10,6,10,3,7,5,4,6,11,3,4,6
222,756,0.73,8,9,7,5,12,8,6,7,4,6,6,6,8,9,7,4,10,8,11,9,9,11,5,7,4,4,8,10,7,12,7,12,8,7,8,5,7,7,8,8,7,0,7,9,7,10,8,5,9,9,8,6,7,9,12,7,8,6,7,4,8,4,9,7,8,7,7,10,12,9,9,10,6,8,2,10,8,11,8,8,9,4,8,7,6,12,8,10,8,10,10,8,8,4,7,5,5,5,6,6
224,758,0.729285714,10,6,3,7,10,6,10,6,6,8,7,4,10,9,9,1,8,5,11,12,7,9,6,3,6,13,9,7,6,8,7,9,7,12,8,7,2,6,7,9,8,11,8,4,8,6,9,10,5,8,10,5,5,9,9,5,3,8,6,6,10,8,8,6,8,5,11,3,6,12,8,10,7,7,7,9,9,8,5,4,11,9,7,8,12,6,5,8,9,10,11,9,9,7,4,8,7,15,5,8
226,730,0.739285714,9,6,11,12,4,7,6,0,9,9,6,3,6,8,9,9,11,6,11,6,6,3,3,9,14,6,13,9,8,7,6,7,5,10,6,5,9,6,10,8,6,10,4,12,8,7,10,6,8,6,8,6,7,6,8,8,4,9,9,9,11,9,6,5,4,6,9,5,10,8,8,5,9,8,4,8,2,6,10,6,6,7,6,8,8,6,3,11,6,7,10,5,11,8,11,4,4,8,3,10
228,755,0.730357143,9,10,9,5,6,5,6,9,8,8,11,5,9,9,4,5,7,8,5,8,5,9,9,8,12,8,4,7,8,10,7,7,4,9,4,10,5,6,8,5,4,11,9,8,8,9,8,5,8,9,4,11,11,8,7,9,6,9,10,12,6,5,6,5,5,8,10,11,8,5,8,7,9,7,7,10,7,10,3,9,5,8,9,11,9,7,9,8,8,6,7,10,6,5,5,9,6,9,6,9
230,785,0.719642857,7,9,5,8,3,10,10,9,6,6,10,9,7,6,8,6,9,10,8,6,8,6,11,8,9,13,10,8,8,9,13,10,10,7,8,7,3,6,5,11,7,10,7,9,9,9,7,6,9,10,3,8,9,16,9,6,7,7,10,6,10,8,11,5,7,9,12,7,7,10,7,11,11,5,3,3,8,4,6,9,13,6,7,7,5,9,9,4,7,7,8,8,6,6,3,8,7,9,11,6
232,723,0.741785714,10,5,13,7,6,2,10,10,11,5,6,7,10,9,9,7,9,10,2,6,6,11,5,5,4,12,7,7,10,7,8,3,8,10,9,6,7,8,11,3,8,3,6,12,5,7,6,12,5,6,8,6,11,6,10,9,5,12,7,5,5,5,6,10,9,8,6,7,4,4,9,7,3,4,8,8,6,5,7,4,5,11,7,9,7,7,10,12,5,8,11,4,7,5,12,4,8,5,2,9
234,778,0.722142857,9,10,7,7,5,8,12,7,11,11,8,8,9,5,5,5,8,9,11,11,9,6,8,5,10,8,9,8,8,7,6,3,6,6,9,8,5,9,3,10,11,11,8,6,7,8,6,10,8,5,5,10,5,10,7,10,12,6,9,8,11,6,8,8,8,11,7,10,12,4,6,6,8,8,9,10,6,5,8,5,8,11,10,7,9,5,5,6,7,8,7,8,6,9,7,7,8,10,7,6
236,746,0.733571429,8,7,8,5,10,6,5,9,11,10,7,9,8,11,10,10,12,8,10,4,5,7,5,7,5,8,11,6,6,6,3,8,8,7,8,6,6,7,5,6,11,6,4,10,8,6,9,7,6,10,5,7,8,6,6,4,9,8,9,11,5,8,10,10,6,8,7,9,9,6,4,7,7,10,6,7,10,6,7,9,6,4,6,9,8,3,6,14,6,9,10,7,7,9,8,4,10,8,5,8
238,747,0.733214286,7,9,8,7,11,8,7,7,12,8,8,4,5,4,7,9,6,9,11,9,10,8,3,7,9,7,11,9,9,8,5,7,13,10,8,4,9,9,8,7,7,9,9,5,9,5,11,7,7,8,6,10,7,2,8,9,4,11,9,10,5,9,6,6,9,2,5,10,12,9,4,9,10,5,9,4,9,6,10,4,11,7,7,5,7,6,6,7,12,6,6,3,4,3,10,9,6,6,6,7
240,764,0.727142857,9,8,10,7,9,7,10,6,10,9,8,8,5,8,8,12,5,12,6,8,9,7,10,10,5,9,9,9,8,8,5,8,11,4,5,5,6,5,10,8,6,7,5,7,5,10,7,10,6,7,10,6,5,7,7,6,8,9,10,7,9,8,5,11,6,8,5,7,5,6,7,7,5,12,8,11,3,7,10,8,10,8,5,10,9,12,8,9,6,5,6,10,5,6,11,3,5,6,12,9
242,797,0.715357143,7,4,11,6,7,13,12,10,7,6,10,11,10,8,8,9,7,7,8,9,6,8,7,6,6,9,11,9,7,11,10,9,8,4,7,10,13,12,10,5,5,5,17,10,10,6,7,3,4,7,10,7,8,9,9,11,7,7,7,6,7,9,10,8,6,8,9,12,10,6,5,6,7,9,9,8,9,9,9,4,8,7,6,11,8,7,5,11,7,6,9,6,5,4,9,12,10,5,4,4
244,780,0.721428571,8,5,9,8,8,11,8,8,8,5,7,12,9,8,9,8,7,9,9,4,8,8,11,6,5,4,5,10,7,10,9,6,10,6,10,7,8,6,7,8,7,6,6,8,4,8,12,8,6,3,4,9,6,8,8,10,6,3,8,9,4,8,8,7,4,10,7,12,6,6,8,11,6,9,10,7,5,13,8,12,10,10,5,10,7,10,6,8,10,7,8,9,9,8,10,9,9,8,6,10
246,775,0.723214286,8,6,8,8,7,12,7,6,4,8,9,8,6,8,9,8,6,13,11,6,11,7,9,10,9,6,5,9,9,9,6,5,7,7,12,5,8,8,7,6,10,7,8,4,12,6,11,8,11,8,6,5,11,9,9,6,9,6,6,6,11,8,8,9,8,7,5,5,5,9,10,3,12,9,9,9,7,10,8,9,8,6,8,6,10,8,10,1,7,9,10,6,7,8,7,5,6,4,8,9
248,735,0.7375,6,10,10,4,3,7,9,6,7,10,8,5,7,9,6,10,3,8,8,13,8,10,8,6,9,6,4,5,7,9,11,7,5,6,3,9,8,6,5,7,8,7,10,5,9,9,4,10,11,10,5,8,6,6,7,6,6,6,10,7,10,8,6,6,8,10,7,10,11,5,5,3,8,6,9,5,10,7,6,6,8,11,10,3,8,5,8,7,9,5,10,8,5,9,6,8,9,8,7,7
250,779,0.721785714,12,7,6,6,6,8,7,14,10,5,4,10,8,8,8,10,7,7,7,5,9,9,12,7,6,8,9,12,8,8,6,7,6,6,8,8,6,10,9,7,8,6,8,10,9,8,14,5,8,9,12,9,14,7,6,8,7,3,3,11,10,7,6,8,3,9,10,6,9,8,10,6,5,5,8,5,9,8,6,9,9,4,7,8,6,6,8,10,12,9,7,3,9,7,13,8,8,6,5,6
252,760,0.728571429,8,2,8,8,8,7,7,4,7,8,12,6,5,11,9,7,9,8,9,5,5,5,7,5,8,8,11,8,6,11,12,8,4,5,9,7,7,12,10,9,11,8,10,6,8,8,10,9,6,10,7,6,11,4,8,8,9,4,4,7,8,10,10,4,10,8,6,7,6,4,3,9,5,9,7,9,10,5,7,12,8,8,10,6,8,7,8,10,12,3,2,7,11,8,5,10,6,7,5,11
254,723,0.741785714,6,7,12,15,6,8,9,3,6,7,5,11,9,7,8,5,5,4,11,5,7,7,9,6,5,8,4,14,2,6,5,4,5,4,6,5,3,7,11,4,7,3,6,5,9,9,12,5,8,9,8,7,4,5,5,7,10,9,4,4,7,10,7,6,8,9,9,3,13,7,10,12,5,4,9,7,8,12,7,4,10,6,7,7,6,6,8,11,10,11,6,5,11,3,9,6,10,6,7,14
256,739,0.736071429,7,4,5,5,12,8,10,8,12,4,2,9,7,7,9,7,4,13,7,5,4,10,8,8,8,6,10,8,5,10,5,12,8,8,6,6,11,8,10,5,7,4,8,7,9,7,5,8,13,10,4,12,12,6,7,5,7,5,4,11,7,8,9,7,7,6,11,8,7,5,6,5,7,9,10,11,5,5,11,8,6,8,5,6,7,4,8,11,7,7,9,5,9,9,8,1,6,3,7,9
258,802,0.713571429,6,7,7,9,9,8,8,8,10,7,10,14,8,11,5,8,6,9,9,9,8,8,4,7,7,12,8,6,12,5,9,7,8,6,7,5,6,7,12,10,8,6,10,9,4,5,9,11,8,4,6,7,4,9,12,3,6,5,5,6,10,8,5,8,6,8,8,6,8,13,11,9,9,11,8,11,6,10,6,12,12,7,10,12,11,11,9,5,7,8,10,8,7,7,5,6,8,8,11,8
260,768,0.725714286,12,6,3,10,5,10,8,8,8,6,10,10,3,8,10,10,4,8,5,8,7,8,5,8,6,5,7,11,7,6,5,5,8,5,9,5,6,9,8,6,13,6,7,7,5,5,7,4,8,10,10,12,8,11,7,9,11,8,5,7,12,14,7,14,6,4,8,6,3,7,8,9,13,5,6,12,9,7,8,8,8,10,9,3,6,9,15,3,9,9,7,8,9,6,1,12,7,12,5,6
262,744,0.734285714,8,7,8,6,11,7,10,10,9,6,10,5,8,2,6,8,6,7,8,9,10,9,11,4,6,3,6,2,10,6,7,12,4,8,5,7,7,7,8,6,6,7,8,10,3,11,9,8,7,4,5,6,10,9,10,6,12,11,10,5,6,9,11,7,9,9,4,10,7,8,5,9,8,4,11,10,10,7,5,7,4,5,6,12,7,8,7,7,8,9,7,6,5,4,7,7,9,9,6,9
264,734,0.737857143,9,8,8,6,12,14,4,8,7,4,5,6,11,8,4,6,4,5,10,13,5,11,4,3,4,8,12,5,6,9,8,10,9,5,5,6,7,8,10,7,9,6,9,8,9,6,6,6,11,7,10,6,8,9,4,7,4,9,6,7,11,5,4,6,6,6,7,8,7,6,7,8,4,12,11,11,6,6,5,7,8,4,8,7,3,8,8,5,5,10,5,10,10,6,11,8,13,3,14,4
266,722,0.742142857,9,8,6,7,8,9,4,8,8,11,8,8,6,11,3,7,8,6,10,5,6,6,4,9,5,9,6,6,7,7,5,8,8,9,7,6,8,8,10,8,8,8,8,4,3,5,9,5,10,7,5,5,3,12,10,7,8,9,9,6,5,8,3,12,4,9,5,8,6,8,8,8,12,6,7,10,7,9,7,5,8,9,10,8,7,8,8,8,3,9,10,11,5,3,7,3,6,8,7,4
268,793,0.716785714,10,11,11,7,8,9,7,6,8,5,9,7,8,8,3,8,4,8,9,5,5,8,6,6,6,7,7,8,11,10,6,4,7,8,11,3,10,8,11,8,8,12,6,12,7,11,6,9,4,4,10,15,5,12,5,9,11,4,13,5,9,8,5,12,9,9,7,5,13,5,10,10,11,8,6,11,7,6,6,7,7,9,8,8,7,11,7,8,11,8,14,12,8,9,7,3,3,5,9,6
270,758,0.729285714,12,8,8,11,8,3,4,8,11,6,11,6,8,9,6,7,7,5,14,7,10,10,6,9,3,9,6,1,9,10,6,4,5,7,10,9,12,11,8,11,8,5,7,6,8,10,7,8,7,6,5,6,6,11,9,8,5,8,7,8,8,9,9,7,8,9,5,9,10,11,12,7,11,9,6,5,6,5,7,6,3,6,2,5,12,14,9,10,8,8,10,6,5,5,5,10,8,4,5,4
272,740,0.735714286,4,4,6,8,12,6,4,6,7,6,8,8,4,6,10,10,8,6,9,5,3,8,9,7,4,7,9,5,7,8,12,9,13,7,9,10,7,6,5,9,8,10,4,7,9,8,9,9,10,5,5,10,9,6,7,4,8,10,9,5,10,6,4,6,9,5,6,11,6,9,1,8,7,10,6,15,3,7,10,9,7,8,7,6,8,14,7,9,6,5,10,7,9,8,10,2,7,6,2,11
274,748,0.732857143,10,1,4,8,8,7,6,9,8,6,4,8,12,6,15,4,5,7,9,3,4,12,9,13,5,6,12,9,6,5,10,8,8,13,11,5,12,4,8,10,8,10,8,7,4,5,5,5,9,5,9,3,8,8,4,8,12,6,7,6,5,7,9,9,5,9,6,9,5,7,4,10,6,6,6,6,11,7,7,10,6,9,8,9,5,8,10,9,7,6,7,7,5,9,9,6,3,7,11,16
276,767,0.726071429,10,7,3,11,7,6,7,9,9,8,7,5,9,8,7,6,5,6,11,8,5,8,7,9,7,11,8,6,3,5,10,5,10,9,8,11,5,7,5,6,6,6,6,8,7,10,8,9,11,10,7,8,9,10,8,17,10,7,7,5,9,8,6,7,6,9,6,8,6,9,8,8,4,8,7,11,9,9,11,8,7,7,6,5,8,8,7,8,6,8,6,8,10,7,9,7,9,6,9,6
278,733,0.738214286,10,2,9,5,13,6,7,7,5,9,8,5,3,9,8,7,5,5,6,5,8,10,8,5,11,6,5,9,14,9,6,3,9,7,9,9,6,10,11,10,7,3,11,9,9,2,9,4,5,12,11,7,6,12,10,2,9,5,5,8,11,4,8,4,7,6,6,8,10,6,9,4,8,8,7,8,6,9,5,7,7,12,8,9,4,9,7,10,8,6,6,4,12,4,7,5,8,5,7,9
280,743,0.734642857,7,10,10,12,9,7,8,9,6,6,8,7,10,12,8,8,6,9,10,4,4,7,2,9,9,10,7,4,5,8,7,5,15,9,3,4,6,9,4,12,8,6,8,8,10,5,8,8,6,12,9,11,7,8,8,4,6,5,7,8,7,10,8,7,3,3,7,6,6,6,7,7,6,9,8,8,3,8,8,9,8,7,7,6,7,8,10,5,8,9,12,9,7,3,12,6,7,6,7,6
282,736,0.737142857,9,8,9,7,9,11,8,7,7,2,12,10,8,5,10,11,9,7,10,9,3,8,8,6,13,6,7,10,4,7,10,12,5,7,9,8,8,6,10,5,9,4,7,10,5,10,8,5,5,7,3,4,3,10,5,9,8,4,5,4,10,9,5,11,6,7,6,7,6,12,4,9,8,4,6,5,10,8,6,9,6,7,6,10,6,3,6,6,9,9,7,11,5,5,8,4,7,12,6,10
284,739,0.736071429,9,7,13,6,9,10,8,5,6,8,9,6,7,8,7,3,5,8,5,7,10,8,14,5,8,5,10,9,7,9,3,6,4,5,9,6,8,7,6,10,6,5,7,3,9,7,6,2,9,5,9,12,10,6,7,7,4,5,8,7,8,9,8,7,11,3,7,7,7,12,8,6,7,8,5,8,12,6,6,7,10,8,13,5,11,7,10,10,4,5,7,5,11,9,8,5,10,11,2,7
286,684,0.755714286,9,9,4,5,7,7,12,5,7,7,4,10,8,11,6,9,7,4,12,8,7,9,7,7,9,7,11,7,7,8,7,9,8,6,10,8,6,6,7,7,7,8,4,2,7,4,8,5,11,9,6,7,4,5,4,6,8,4,5,6,8,8,12,6,10,9,7,5,4,5,6,5,4,10,9,5,7,5,3,10,3,7,13,5,7,7,8,8,6,5,4,7,4,6,5,5,7,6,3,6
288,698,0.750714286,4,5,6,4,6,8,5,8,6,8,9,6,7,7,6,4,6,9,11,8,5,9,8,5,6,5,4,7,8,5,5,9,10,4,5,5,8,6,8,6,6,11,8,6,5,10,6,6,7,7,9,3,12,7,9,11,5,6,8,11,6,11,7,7,5,2,6,6,7,4,8,6,13,8,11,7,6,6,9,5,6,10,7,10,7,4,10,7,6,7,5,10,5,8,5,5,10,6,6,10
290,703,0.748928571,9,4,3,6,7,12,7,6,11,7,7,8,8,5,1,6,6,6,10,7,10,5,8,8,10,4,5,4,9,13,8,7,7,4,7,1,7,9,6,7,8,5,5,8,10,10,5,6,5,8,4,8,7,12,11,10,3,6,6,10,7,3,7,11,7,3,2,9,5,11,10,5,7,11,6,6,8,10,7,5,11,3,11,7,6,9,9,4,9,7,5,9,11,5,3,6,9,4,6,7
292,681,0.756785714,4,6,6,6,14,10,7,8,8,10,6,7,4,6,6,11,9,5,11,8,10,8,5,5,4,7,6,9,8,8,8,2,5,2,4,9,6,4,6,6,7,5,12,4,9,4,6,7,3,4,5,6,10,7,4,9,7,6,11,7,2,6,4,9,7,8,12,6,8,7,5,8,5,7,8,5,3,13,6,7,9,7,9,6,8,4,5,4,4,6,3,8,7,7,9,8,9,12,4,9
294,635,0.773214286,6,10,9,6,8,6,6,5,8,6,4,6,5,7,5,10,6,3,5,8,7,7,5,6,7,2,3,3,8,11,4,4,9,11,3,6,6,9,7,9,7,6,5,4,9,5,6,7,8,4,6,3,5,7,13,6,3,3,8,7,4,3,7,9,5,9,4,7,6,5,7,8,6,10,1,9,3,9,7,5,7,5,4,7,8,11,4,4,4,4,10,3,10,7,6,8,6,5,13,7
296,720,0.742857143,8,9,8,3,6,5,11,11,5,12,7,8,11,9,6,7,6,10,4,4,4,9,8,6,6,7,6,6,6,7,9,9,5,7,11,8,8,6,12,3,6,10,3,6,10,8,9,7,5,6,5,7,4,8,7,7,10,4,6,6,9,6,9,4,4,7,8,5,11,7,5,8,9,13,4,7,4,12,10,2,9,7,8,9,6,8,4,8,6,3,6,5,8,6,12,12,9,8,6,9
298,744,0.734285714,8,6,8,8,7,11,6,3,9,9,5,10,6,7,7,11,7,4,8,7,10,6,11,7,7,11,7,7,8,11,11,9,8,5,9,3,12,5,5,14,6,10,5,11,9,8,10,3,9,9,9,11,4,9,6,8,9,8,7,8,7,6,6,9,11,13,12,9,4,7,7,4,8,4,5,5,7,5,5,7,5,5,8,10,5,10,7,6,7,3,9,5,10,8,2,9,5,11,3,3
300,683,0.756071429,6,8,4,5,10,10,7,2,7,8,7,8,10,4,5,7,4,8,12,5,7,7,8,10,6,6,5,5,7,8,8,6,6,9,8,9,7,6,5,10,4,10,4,8,5,9,6,9,8,4,8,11,7,5,9,5,7,7,11,6,9,5,5,7,8,5,8,5,9,4,5,4,7,3,6,8,5,7,7,4,8,8,8,4,4,7,8,14,6,11,6,7,2,6,8,10,6,5,7,4
302,705,0.748214286,5,5,5,7,12,9,6,8,6,8,12,12,6,8,10,12,6,9,9,8,6,5,3,6,8,5,11,8,6,6,7,8,9,9,7,8,3,7,8,3,7,9,10,6,10,4,10,4,6,8,7,6,9,5,5,7,6,5,4,5,6,5,5,11,6,7,10,5,7,11,5,12,6,9,5,9,4,4,6,4,11,5,11,6,6,7,5,9,6,12,4,7,3,3,8,7,10,7,4,8
304,699,0.750357143,4,5,6,7,7,12,5,8,8,5,7,6,7,6,7,10,7,5,10,11,7,6,5,6,12,8,5,12,8,7,8,6,4,4,9,5,7,4,7,6,8,8,8,7,9,8,7,11,7,7,9,5,7,6,5,8,5,5,6,5,7,6,5,8,9,7,7,8,9,10,10,6,6,9,7,11,5,7,1,9,8,4,10,8,4,8,6,7,4,7,6,9,4,8,7,5,4,5,9,9
306,727,0.740357143,7,7,11,8,8,4,9,4,4,9,6,10,6,7,8,7,10,5,6,6,6,13,8,10,9,8,6,4,5,6,7,8,10,7,4,6,10,9,5,5,13,6,6,6,10,3,10,9,7,8,7,5,5,6,4,7,4,3,9,9,11,6,2,3,7,8,10,6,6,4,11,8,8,6,10,11,9,2,6,10,8,7,9,3,9,6,8,9,12,6,8,7,7,12,8,4,10,12,7,6
308,678,0.757857143,8,4,6,5,5,4,8,4,7,5,6,8,5,8,10,5,10,7,6,8,8,9,9,10,11,9,9,12,8,10,5,5,8,3,5,3,9,4,4,10,8,5,6,6,6,10,6,7,5,10,8,8,5,4,3,6,5,4,9,8,6,8,9,9,4,7,4,7,9,7,8,9,8,7,7,6,7,6,7,9,8,11,4,6,6,9,6,4,2,10,6,8,6,7,8,2,9,5,2,6
310,739,0.736071429,5,6,7,11,5,5,10,9,9,7,5,7,8,9,6,6,9,3,11,10,13,11,10,6,7,10,6,9,6,6,7,9,4,8,6,5,5,6,5,5,14,3,9,5,12,14,5,5,7,10,5,7,13,3,7,4,6,7,7,6,6,7,13,11,1,4,9,7,9,12,7,7,9,4,7,4,3,8,8,6,10,10,5,8,7,8,10,6,7,6,9,9,8,10,4,10,6,10,8,5
312,693,0.7525,8,9,4,8,7,8,4,10,4,8,7,6,5,10,9,9,5,8,9,7,6,7,6,7,7,4,10,6,4,5,8,9,9,6,10,10,2,8,6,6,6,4,7,10,5,10,2,5,4,7,9,8,6,7,6,12,4,8,6,9,6,6,6,5,10,9,10,7,8,8,8,6,5,12,3,4,12,5,7,5,10,5,9,6,5,6,4,10,9,16,7,4,5,8,5,6,6,3,2,9
314,661,0.763928571,4,5,9,5,6,6,5,6,10,9,6,7,9,8,5,2,3,5,3,5,6,7,8,6,6,9,5,9,2,4,8,5,10,9,6,5,4,6,7,10,4,8,4,6,9,5,4,6,6,3,6,8,5,5,6,6,6,8,4,14,9,6,9,8,11,7,9,9,4,9,9,5,5,11,6,7,9,5,14,9,9,6,7,6,3,7,11,5,9,8,5,4,7,7,4,6,8,4,5,6
316,748,0.732857143,4,7,5,11,8,6,6,9,8,9,8,4,4,7,9,7,5,5,2,6,6,9,4,9,11,7,5,7,9,8,10,8,6,7,4,9,14,4,10,10,10,13,12,9,9,5,7,8,6,9,4,13,8,3,10,5,11,12,13,6,7,5,5,3,10,13,11,4,9,4,7,8,10,6,6,3,9,9,4,10,7,9,8,9,6,8,4,8,8,5,8,10,8,4,8,8,8,8,7,4
318,740,0.735714286,7,8,9,9,7,9,9,4,6,12,8,10,7,6,10,10,9,6,13,4,11,9,6,6,8,9,7,7,9,6,7,6,6,4,6,6,6,6,8,8,7,9,8,7,6,9,3,9,6,10,7,6,6,4,9,8,12,11,4,9,7,10,5,5,5,7,7,8,9,11,6,11,6,10,4,5,7,2,5,10,6,11,8,5,8,4,4,7,5,6,9,8,3,10,12,5,8,9,8,10
320,708,0.747142857,4,5,9,7,7,9,7,7,7,8,10,7,7,6,9,5,7,5,7,7,7,8,9,6,7,8,5,6,5,6,5,8,4,6,7,6,5,8,9,10,7,9,6,6,9,7,9,9,3,5,9,7,7,4,9,6,8,5,9,9,7,11,6,5,6,9,10,7,6,12,10,9,6,6,5,5,7,11,7,9,10,5,9,6,6,8,5,7,7,6,7,9,6,6,9,5,4,10,2,9
322,733,0.738214286,8,5,4,9,12,7,7,4,8,7,9,6,5,12,6,6,6,7,7,7,6,7,3,5,5,8,7,6,10,9,6,8,4,8,6,11,9,4,8,8,9,11,6,5,5,4,10,9,9,10,6,9,5,9,5,5,6,2,10,5,14,6,6,10,6,8,9,7,7,8,5,8,5,10,14,8,4,7,2,7,8,13,11,2,6,8,7,4,9,12,7,12,6,4,8,12,12,7,9,5
324,704,0.748571429,8,8,6,11,4,7,3,8,6,5,6,9,11,7,3,6,8,8,10,7,6,11,5,6,11,10,7,6,6,8,5,5,4,5,6,9,7,2,5,13,6,2,9,7,9,4,9,7,7,9,6,10,11,12,8,7,8,8,9,4,11,4,8,7,4,9,6,7,9,6,8,3,8,7,6,3,10,8,6,7,12,8,4,9,7,6,9,6,10,5,11,9,6,8,4,0,8,5,7,3
326,720,0.742857143,10,6,6,7,6,8,8,5,5,5,9,8,6,9,5,5,9,3,10,8,9,9,9,7,7,11,8,8,6,6,4,5,7,9,6,6,8,8,4,13,4,4,8,4,8,7,10,8,5,6,4,7,6,8,6,6,8,5,10,5,6,10,11,8,7,7,8,10,6,10,10,8,11,4,6,11,10,9,6,4,8,5,7,8,7,8,4,4,9,8,5,6,9,6,8,6,9,8,5,11
328,710,0.746428571,8,6,11,2,5,6,3,6,7,7,8,11,8,7,8,11,7,7,5,9,8,10,4,9,7,9,6,7,2,7,6,6,6,6,6,3,5,9,7,5,7,4,9,9,5,6,7,8,9,7,8,6,5,9,10,9,10,8,13,7,7,12,2,8,6,10,5,8,8,7,10,6,4,6,13,4,7,6,9,7,12,7,6,4,8,7,12,5,8,8,9,7,5,6,5,3,9,7,4,7
330,757,0.729642857,4,9,5,5,3,14,5,8,11,3,8,7,8,12,11,8,9,13,10,4,2,8,8,11,7,8,9,11,7,9,4,6,6,1,4,3,10,2,9,10,6,4,7,6,7,5,6,10,12,11,7,8,6,9,10,4,11,8,13,7,10,8,9,9,7,5,13,4,4,15,9,7,7,5,10,10,6,7,7,5,4,7,12,9,7,8,7,5,8,6,5,11,6,12,6,6,9,11,8,4
332,730,0.739285714,5,6,5,9,10,7,6,5,7,5,10,5,12,5,7,7,4,7,6,13,11,8,8,5,4,7,5,4,8,6,7,6,11,9,8,5,8,3,7,8,8,6,8,5,8,2,8,9,8,9,6,7,10,7,8,4,13,8,9,5,5,9,9,5,4,9,7,9,3,9,9,5,9,8,8,10,9,8,3,5,11,5,11,8,10,8,6,6,6,11,9,7,8,9,11,10,5,6,7,6
334,728,0.74,5,10,9,6,7,11,7,5,7,9,10,8,4,5,3,5,7,5,10,7,7,5,10,7,11,8,7,7,3,7,5,7,8,8,9,4,11,10,6,9,6,8,5,7,8,7,9,11,9,6,9,7,7,7,4,5,7,9,8,8,4,8,7,7,7,7,8,8,10,11,10,11,4,9,4,5,12,9,8,6,9,7,5,6,9,7,6,5,8,6,4,8,5,10,9,5,7,5,8,8
336,685,0.755357143,2,6,11,8,5,6,7,7,8,7,9,8,8,9,9,2,7,8,8,8,9,8,9,3,8,8,10,8,7,4,8,8,7,9,3,5,7,8,10,5,5,6,6,5,9,6,5,11,5,4,4,5,5,11,9,9,9,5,6,6,8,3,7,8,6,9,3,5,14,7,9,7,6,11,11,9,5,7,6,7,3,3,7,3,9,7,5,6,8,8,4,4,10,7,9,4,8,8,2,4
338,713,0.745357143,4,8,7,7,4,6,6,7,11,6,6,7,7,6,7,8,6,4,10,6,5,3,6,9,11,7,7,4,8,5,7,5,10,8,7,10,5,8,5,7,10,4,8,9,6,10,8,8,10,3,4,11,5,15,8,6,9,7,5,4,6,6,11,7,6,7,7,6,11,8,8,6,5,5,6,14,6,10,5,11,6,7,8,6,5,8,9,13,7,5,5,5,10,8,6,4,5,6,8,11
340,700,0.75,3,5,8,9,8,7,6,10,4,8,7,5,5,5,7,6,7,6,6,4,7,8,8,6,3,7,4,9,8,11,8,9,8,7,7,4,3,5,6,12,8,8,6,9,8,6,6,6,4,7,7,6,7,10,9,3,8,7,8,9,6,9,4,12,5,7,8,8,12,7,7,7,6,10,5,10,14,9,6,6,7,8,4,3,6,9,8,9,7,6,8,7,6,6,4,5,8,9,10,4
342,707,0.7475,6,14,6,8,9,10,2,8,10,8,10,2,4,6,5,6,11,9,6,8,6,8,8,9,4,7,13,10,10,8,6,7,10,8,8,6,5,8,8,9,8,12,5,6,5,10,6,4,8,3,2,10,5,9,6,8,11,4,9,5,7,8,4,8,10,9,5,5,4,7,4,6,10,6,8,6,3,2,7,14,7,3,1,3,8,9,6,8,7,6,6,9,12,7,5,9,6,9,3,8
344,757,0.729642857,7,7,4,7,5,9,8,7,4,6,4,5,8,8,9,8,7,11,6,5,2,12,3,11,5,9,9,9,7,5,10,4,9,4,11,9,12,3,12,10,5,10,10,13,11,6,7,7,11,11,9,11,6,7,3,10,12,8,6,7,5,3,8,10,9,4,8,4,8,5,8,7,3,4,11,7,7,7,7,13,9,7,11,8,11,9,4,10,10,9,7,6,6,11,5,7,3,9,9,7
346,714,0.745,7,11,6,3,15,7,5,9,4,8,12,7,5,8,4,7,14,11,9,8,4,5,4,10,9,12,7,7,12,7,4,14,2,9,7,9,8,9,12,12,6,6,6,5,7,9,7,6,6,9,9,10,6,7,8,7,8,7,6,5,1,6,9,7,6,9,5,9,5,8,5,6,6,6,8,4,7,5,6,7,3,4,4,7,3,10,9,6,6,4,12,8,6,8,3,6,9,4,10,4
348,745,0.733928571,8,7,6,3,3,12,12,6,7,8,5,4,10,6,8,5,10,5,11,9,6,9,5,9,12,10,8,5,6,7,6,7,6,7,13,6,10,7,7,4,13,9,8,10,8,9,4,9,6,11,8,8,6,8,4,12,12,8,5,6,10,7,5,7,10,6,5,4,9,8,5,4,7,8,7,10,10,5,4,5,9,4,9,6,7,4,6,11,13,6,2,6,13,4,9,9,8,11,7,6
350,712,0.745714286,9,8,6,6,4,11,7,6,7,7,7,7,3,8,6,4,8,6,6,9,8,4,11,5,7,5,8,6,11,6,6,4,13,6,8,7,6,2,2,11,8,8,5,3,6,9,4,4,9,6,6,10,9,7,10,10,5,10,8,8,10,9,7,7,6,8,7,9,10,5,9,4,12,4,6,6,7,8,5,8,9,10,8,6,10,12,9,6,8,6,4,7,6,9,4,7,7,2,8,11
352,744,0.734285714,9,9,8,5,4,7,7,6,4,9,11,12,12,4,8,10,9,5,8,5,9,8,8,9,7,11,8,6,6,9,6,7,8,10,10,8,7,7,13,5,7,4,7,7,8,8,13,6,6,8,9,4,7,10,8,4,7,6,7,12,10,5,6,3,6,6,6,13,5,10,7,7,9,5,3,3,6,6,11,8,6,9,12,6,5,7,7,7,8,7,3,7,8,3,12,5,12,10,7,6
354,667,0.761785714,2,2,8,10,6,7,6,9,11,9,5,5,6,5,8,5,7,10,7,7,9,6,12,7,8,5,2,5,6,6,3,7,8,7,9,6,4,7,8,7,9,8,9,6,4,2,6,6,7,4,14,7,5,5,9,6,7,7,8,4,11,9,4,8,9,11,8,8,8,4,8,5,7,4,8,8,9,3,10,4,5,6,10,9,7,4,4,8,7,3,6,9,6,6,3,4,6,6,8,4
356,713,0.745357143,7,7,10,7,11,6,8,12,6,13,11,2,10,4,7,7,7,11,5,8,8,5,9,7,13,4,8,6,4,7,8,4,4,8,8,7,8,11,8,8,5,6,6,6,10,6,12,11,6,10,7,6,4,7,6,3,5,8,5,4,6,3,7,9,6,10,3,10,7,11,6,10,6,7,7,6,5,5,4,3,6,11,3,8,7,8,8,4,11,7,9,8,12,7,5,7,6,4,8,6
358,680,0.757142857,5,6,6,6,7,7,7,8,8,6,5,8,4,5,3,8,12,5,11,4,8,7,4,4,7,6,7,10,7,7,6,5,6,4,5,6,2,6,5,3,5,4,7,8,9,8,6,7,14,6,8,4,8,8,8,4,10,5,10,7,7,6,6,7,8,10,10,5,7,6,7,13,8,6,7,8,7,8,7,8,10,8,6,8,6,2,6,7,5,11,6,13,6,7,5,4,8,5,4,10
360,672,0.76,8,4,9,5,3,7,7,7,9,8,9,4,6,6,7,5,6,7,7,8,5,9,6,7,6,4,9,8,4,8,5,6,10,7,10,7,9,9,4,8,10,8,6,4,6,5,7,6,7,3,7,7,7,4,11,4,7,7,6,8,7,11,8,4,6,5,9,3,10,7,6,7,9,10,2,3,3,10,10,10,7,6,4,9,7,4,11,8,6,7,5,6,4,6,5,6,6,8,4,10
362,757,0.729642857,9,7,6,8,7,13,8,6,3,8,8,10,10,7,10,6,8,12,11,4,9,7,7,7,9,6,5,7,4,9,7,5,8,7,7,9,7,10,7,13,6,10,6,12,7,12,6,9,10,7,6,8,10,7,8,5,5,4,5,5,7,10,1,12,6,8,3,6,10,6,11,8,9,7,10,9,6,6,5,8,9,2,7,9,11,7,6,8,7,6,5,9,10,9,8,5,9,6,9,8
364,740,0.735714286,6,6,5,8,5,8,8,8,7,7,8,9,7,11,11,4,7,5,3,7,16,4,10,3,9,5,8,9,4,9,12,10,9,8,7,11,8,13,8,6,6,7,5,10,8,7,7,9,2,5,9,11,9,7,7,9,4,9,9,6,7,4,7,5,5,7,9,7,4,10,7,4,8,7,9,6,7,7,6,8,9,8,10,6,8,5,9,7,8,9,7,8,6,7,7,5,8,9,10,5
366,701,0.749642857,4,5,11,8,7,10,5,6,8,8,5,6,6,8,9,6,6,4,6,3,10,5,8,9,7,12,6,7,7,7,8,7,4,5,8,7,7,6,11,4,10,7,9,8,10,8,10,3,7,7,9,8,5,10,3,5,3,10,10,7,7,8,9,10,6,3,4,8,5,6,5,3,6,6,13,10,4,6,5,10,7,7,10,7,6,3,8,5,5,9,7,7,10,11,6,7,8,6,6,7
368,694,0.752142857,6,13,7,11,8,2,3,6,8,5,7,7,4,8,8,8,6,9,12,9,5,8,5,4,5,8,7,8,7,6,3,7,7,11,7,5,9,4,7,4,5,6,9,11,7,9,3,9,8,4,10,6,9,9,6,5,7,7,9,5,8,6,9,4,7,5,6,6,7,8,6,5,9,6,10,9,8,7,7,8,9,8,5,5,9,4,4,6,13,6,9,6,6,1,9,6,12,5,3,9
370,710,0.746428571,9,8,6,7,11,11,4,7,8,7,8,7,11,5,7,5,6,10,9,6,6,5,7,3,6,6,10,7,10,3,10,7,6,6,5,7,3,8,6,10,4,9,7,8,7,7,2,6,8,9,9,10,8,5,5,8,6,7,11,3,6,10,9,10,9,4,11,5,9,7,6,8,11,5,9,7,7,9,3,7,7,6,7,7,7,6,10,5,9,5,7,8,7,5,7,5,9,7,6,6
372,721,0.7425,9,6,4,8,8,7,15,10,7,8,7,3,9,7,6,5,5,2,9,8,8,4,9,6,9,7,8,13,9,5,7,6,6,5,7,8,2,5,3,4,3,8,7,8,8,8,6,4,11,6,8,6,9,7,8,9,11,8,5,5,7,7,12,8,16,8,11,8,6,6,6,6,11,7,3,3,5,9,6,7,4,9,9,4,9,10,5,7,10,7,3,7,9,14,7,6,8,7,9,6
374,706,0.747857143,5,9,9,5,9,11,4,8,13,5,7,6,5,10,7,9,3,4,9,6,12,3,9,10,6,4,6,11,3,11,9,6,7,5,6,4,6,5,4,10,6,9,6,6,6,3,7,9,8,3,10,6,10,9,6,0,7,10,8,4,8,9,8,6,7,9,10,9,5,8,10,9,6,2,5,7,5,7,7,6,8,7,8,13,9,5,5,8,9,9,5,7,5,4,8,6,8,6,8,11
376,741,0.735357143,6,7,9,8,5,6,11,5,4,8,7,9,6,11,6,12,9,6,11,5,8,9,6,7,10,7,6,8,7,6,8,8,7,5,7,5,7,8,8,11,10,7,5,7,9,7,8,8,7,9,5,6,9,7,4,9,7,7,6,8,8,10,5,7,2,3,8,8,7,8,8,11,4,6,12,7,11,5,9,7,7,8,8,11,7,10,13,6,10,6,6,4,7,9,6,7,2,7,8,9
378,706,0.747857143,8,10,6,8,6,4,6,6,9,11,5,2,6,6,8,5,9,5,7,9,9,8,8,10,5,9,6,9,5,12,4,9,6,9,6,4,7,8,11,5,6,4,5,3,5,5,7,5,4,6,5,6,6,10,6,9,3,8,8,4,7,9,3,5,6,9,10,9,5,6,5,4,5,10,6,9,9,12,8,8,5,5,3,11,10,6,5,8,8,9,11,13,7,7,7,7,5,13,10,10
380,730,0.739285714,7,8,7,7,4,9,8,7,8,10,8,10,5,9,10,5,4,5,8,9,8,2,4,11,7,10,7,7,8,9,8,9,6,10,9,11,10,8,5,3,9,7,7,9,9,6,7,6,8,3,9,10,9,7,7,6,6,6,7,5,5,6,9,4,9,6,6,10,6,11,8,6,6,9,5,6,6,4,6,9,7,7,10,8,6,6,10,8,7,11,13,9,4,4,8,7,5,2,10,8
382,662,0.763571429,5,6,4,6,1,6,10,11,4,4,6,8,5,6,5,7,5,8,5,5,7,10,6,6,5,8,9,8,8,3,6,6,11,6,8,4,6,9,10,10,5,8,8,13,9,7,6,6,7,6,6,8,7,6,7,5,8,6,11,5,7,8,7,6,8,4,4,7,4,4,8,5,6,5,9,3,5,6,9,5,6,6,12,4,8,8,9,8,10,5,8,4,3,12,3,6,6,5,5,7
384,742,0.735,11,7,7,6,4,7,9,14,8,6,5,9,8,1,8,6,6,4,4,9,4,7,9,4,9,9,9,7,9,10,8,2,5,7,7,8,8,9,11,6,7,3,5,7,8,10,10,10,12,7,5,5,9,7,6,11,7,4,9,9,9,10,7,7,5,10,7,7,7,4,8,6,10,6,5,10,10,13,9,8,7,5,9,7,8,8,10,7,10,9,4,9,6,4,4,12,6,8,9,4
386,743,0.734642857,12,3,7,9,8,9,5,9,9,7,10,9,11,9,9,5,10,10,6,5,6,9,5,5,8,8,6,9,6,8,7,11,4,12,8,8,7,6,6,11,9,12,11,4,7,4,6,8,5,8,11,6,8,8,6,8,7,6,5,7,6,7,7,8,7,9,5,8,5,10,10,6,4,7,6,8,6,9,5,11,7,2,6,8,8,8,12,8,7,4,3,4,6,7,4,6,11,12,10,8
388,719,0.743214286,6,11,4,7,11,13,5,11,12,5,7,7,6,3,4,6,8,6,5,5,9,10,8,8,3,7,4,6,7,8,6,7,10,10,8,8,8,6,5,8,12,8,7,7,6,7,9,8,4,6,6,4,6,2,7,7,10,5,10,7,11,6,5,7,4,6,9,7,9,5,6,8,10,4,6,12,4,11,4,4,13,3,8,8,9,8,4,7,6,8,7,7,8,7,8,11,11,11,7,4
390,714,0.745,3,8,8,5,5,6,4,7,11,6,7,9,5,6,6,6,4,9,6,4,11,10,8,5,8,11,8,6,6,6,8,11,9,12,7,8,8,9,5,7,8,8,8,7,4,5,7,7,6,4,3,7,6,6,5,5,7,6,8,10,7,7,12,8,9,9,7,7,10,5,5,5,6,5,8,7,8,4,9,8,5,12,7,9,3,2,7,8,7,11,12,7,13,7,8,8,4,7,6,10
392,665,0.7625,5,8,13,5,4,1,7,5,11,4,5,4,9,11,9,5,10,6,6,6,7,10,7,9,6,9,3,6,5,8,5,7,9,8,6,7,9,5,10,6,7,4,4,7,9,7,6,9,8,7,7,9,7,4,8,6,5,12,5,6,8,6,11,5,7,9,5,7,7,7,7,8,7,2,4,3,4,8,10,6,5,7,8,4,6,10,6,7,4,6,5,7,5,8,7,4,2,4,7,9
394,723,0.741785714,7,10,5,5,8,4,7,7,4,7,5,10,12,8,6,6,9,2,10,10,3,10,7,9,6,6,6,3,7,6,8,7,7,11,7,9,7,11,6,6,7,9,7,10,5,7,8,8,4,6,4,8,7,8,9,4,8,9,6,5,9,7,7,12,6,7,8,4,3,8,3,6,6,9,6,11,8,7,7,10,4,7,9,9,8,4,9,3,4,8,6,8,10,15,9,9,8,12,5,9
396,727,0.740357143,7,6,7,9,7,7,6,10,7,6,9,4,7,3,5,4,10,7,7,10,7,8,4,3,9,8,5,6,7,11,7,8,5,10,7,6,7,8,11,9,4,8,10,5,8,4,8,12,7,6,8,6,10,6,4,7,8,17,7,6,5,7,7,8,10,11,4,10,10,7,8,9,9,8,8,5,9,6,5,5,9,7,5,8,7,8,8,9,9,4,5,10,11,5,8,4,9,7,3,5
398,700,0.75,6,3,6,7,8,8,6,6,9,8,10,6,6,8,5,8,3,6,8,7,5,5,7,5,10,4,8,8,13,6,7,8,5,6,7,6,5,8,8,3,4,8,10,7,7,7,6,7,4,7,8,10,7,3,8,6,3,12,8,8,6,12,5,7,5,9,4,10,5,7,4,10,3,6,7,7,9,8,4,10,14,6,6,7,8,5,8,7,11,11,8,7,6,7,7,9,6,10,4,7
400,724,0.741428571,8,6,7,13,9,7,5,5,10,9,10,7,10,8,9,9,8,8,9,7,7,5,4,9,8,10,9,9,6,6,5,8,10,10,5,5,6,8,6,7,10,8,9,5,5,7,7,8,5,7,11,12,10,3,7,3,8,6,8,4,7,6,4,7,8,6,7,6,6,6,12,6,6,8,6,6,4,9,10,6,4,6,8,6,4,7,6,8,8,9,5,7,9,9,4,8,8,10,9,3
402,741,0.735357143,11,7,7,5,6,11,8,7,7,10,9,6,9,10,6,8,10,7,9,4,8,7,10,6,10,7,8,7,6,7,9,3,7,7,8,8,10,7,4,4,9,5,9,6,14,8,13,8,4,8,8,7,4,10,3,5,7,7,9,8,11,8,5,10,4,6,8,6,6,5,10,8,9,5,7,9,9,5,8,10,7,10,15,3,9,6,6,6,4,7,8,7,12,4,6,5,6,5,7,7
404,701,0.749642857,8,7,7,5,7,6,7,4,7,10,8,8,9,7,12,7,7,4,4,7,6,4,7,9,8,13,9,11,9,7,9,9,6,6,7,3,10,9,7,8,4,8,6,6,4,7,2,7,8,11,7,5,6,8,6,5,7,6,9,6,7,9,5,6,7,6,4,4,9,10,5,5,4,12,4,6,6,11,9,7,5,10,6,6,5,6,7,7,6,6,6,9,7,4,9,8,5,9,11,7
406,719,0.743214286,9,7,8,12,7,4,8,5,7,12,5,4,9,7,12,5,7,8,8,8,9,7,3,12,6,7,2,12,11,7,5,8,9,7,3,6,7,4,6,6,5,7,8,6,10,4,8,6,7,4,3,9,6,8,3,8,8,10,7,8,9,6,11,5,7,6,5,9,5,5,13,8,7,3,5,9,7,10,6,6,8,7,4,7,10,9,10,5,6,4,10,5,7,7,7,11,10,6,8,12
408,713,0.745357143,3,12,6,3,8,6,10,11,4,4,7,4,11,7,8,4,6,7,4,2,9,5,8,7,11,9,6,9,6,11,3,10,6,11,8,9,9,7,6,9,5,8,6,5,9,9,8,6,10,6,9,5,5,11,8,6,10,10,5,9,7,5,8,6,9,5,6,8,7,10,8,7,6,7,8,7,10,6,4,9,6,4,7,4,6,9,8,7,7,8,13,9,7,7,4,6,8,8,2,4
410,705,0.748214286,6,7,8,6,12,5,7,9,8,8,6,9,7,10,5,7,3,4,7,8,5,8,6,3,10,7,5,5,4,10,4,8,8,5,7,6,5,9,5,8,9,9,9,4,10,6,8,11,5,9,6,11,6,5,9,6,10,6,8,7,9,9,7,2,6,6,5,10,7,7,10,9,8,6,6,12,5,12,7,6,3,10,11,3,5,5,7,7,4,9,11,4,6,7,6,5,9,7,5,8
412,708,0.747142857,4,11,9,6,3,6,5,2,5,5,9,4,7,4,5,7,9,4,8,3,6,6,7,10,4,11,6,5,14,7,9,8,4,5,5,6,6,7,9,6,11,14,15,7,11,4,7,8,5,9,6,5,8,10,3,6,6,5,6,9,9,6,10,6,7,11,8,12,7,4,7,13,10,7,5,8,5,8,5,8,9,7,5,10,8,6,9,6,10,7,5,5,3,9,6,8,4,8,8,7
414,687,0.754642857,7,9,6,7,9,3,8,6,10,10,5,9,9,4,7,8,7,2,10,6,7,11,6,8,6,9,7,11,8,7,5,5,6,5,6,8,6,14,4,10,5,2,5,7,9,6,5,3,6,9,5,6,8,12,7,5,9,10,12,11,7,5,4,4,2,3,4,7,8,13,7,4,7,6,9,11,8,6,4,9,9,7,3,6,8,8,2,5,7,7,7,9,5,9,8,6,2,5,7,6
416,699,0.750357143,5,6,7,10,6,8,5,10,7,8,8,6,4,9,8,3,7,7,9,9,4,7,8,9,9,9,6,7,11,7,11,4,8,8,6,9,8,9,12,4,6,3,6,10,4,7,8,12,7,6,9,5,6,7,5,9,5,6,11,4,6,6,8,4,6,8,6,4,10,4,8,7,6,8,7,4,4,4,6,8,8,7,5,7,9,7,8,9,4,7,4,10,8,8,9,7,7,5,8,4
418,635,0.773214286,11,6,9,5,8,8,8,8,3,5,7,9,3,9,6,9,2,8,6,7,3,4,6,7,7,5,7,8,8,9,12,8,10,3,6,5,7,5,4,6,5,3,4,5,5,7,5,7,3,10,7,8,4,5,7,8,8,9,9,5,6,9,7,3,8,8,6,8,7,8,7,7,6,7,5,4,5,4,6,4,3,6,2,3,9,8,8,10,4,9,8,7,4,2,7,9,7,4,4,5
420,715,0.744642857,6,8,8,8,2,7,4,7,5,8,7,10,5,9,7,10,8,6,6,8,7,11,5,8,6,5,9,11,4,7,8,7,7,9,9,7,4,8,7,6,13,5,8,7,7,12,5,6,9,10,4,9,5,5,7,8,10,4,7,4,6,11,8,11,3,7,4,13,5,3,4,9,8,8,6,11,11,9,4,7,6,7,5,7,5,9,7,4,8,9,6,5,8,7,8,10,7,5,9,6
422,739,0.736071429,7,9,11,8,8,8,9,8,8,11,4,12,7,5,7,5,5,5,3,6,6,5,9,12,2,11,7,12,4,5,9,6,4,9,7,9,6,15,7,7,7,7,11,5,10,8,7,12,5,6,13,8,8,9,4,9,3,4,11,8,5,7,7,7,4,10,11,6,8,6,6,6,5,6,10,8,6,6,8,6,9,7,10,11,7,7,9,6,8,7,4,4,11,8,4,6,6,12,4,8
424,741,0.735357143,6,5,7,9,7,5,10,9,9,4,10,8,8,5,9,2,6,9,4,5,7,6,8,7,7,10,11,7,7,3,10,5,8,5,7,10,7,8,11,4,6,12,5,11,5,6,9,7,5,9,7,6,12,9,9,8,6,9,6,9,10,5,10,10,7,6,9,5,7,9,8,5,6,7,7,8,10,8,6,8,5,8,9,8,7,6,6,7,6,6,7,9,5,13,7,9,9,8,11,3
426,729,0.739642857,12,5,11,7,10,10,6,4,5,7,11,8,8,9,7,12,10,5,7,9,7,9,8,5,6,8,11,4,5,8,3,8,9,8,3,6,6,9,9,11,14,7,3,6,8,6,11,8,8,5,6,5,4,8,13,5,7,10,8,6,5,8,10,5,6,6,6,6,15,7,5,4,6,9,8,12,9,7,8,7,9,6,5,3,7,3,6,8,8,10,10,3,9,5,11,5,5,2,5,6
428,685,0.755357143,11,2,4,8,9,5,9,6,4,11,7,3,7,6,7,4,6,8,6,7,7,8,5,8,11,7,5,9,7,8,4,8,5,10,12,5,5,7,9,7,6,10,7,7,8,8,5,6,5,3,1,4,9,7,4,8,9,10,11,8,11,5,10,9,6,4,7,7,9,11,6,5,6,4,8,9,7,7,5,7,5,6,5,5,7,5,6,5,5,7,5,10,7,9,8,8,4,7,8,7
430,691,0.753214286,7,10,8,8,10,5,5,10,4,7,7,6,4,5,8,8,8,8,5,14,9,6,7,11,6,5,9,7,5,8,7,6,3,7,7,6,7,8,5,6,5,6,5,9,5,3,9,6,4,7,9,8,5,11,14,3,7,7,9,4,5,10,7,4,6,11,9,3,8,8,4,8,7,7,4,4,2,8,5,1,9,7,9,9,6,4,8,5,5,6,7,9,7,6,13,10,5,10,10,7
432,711,0.746071429,7,7,10,8,8,2,8,6,8,4,7,5,10,8,6,3,9,2,5,5,7,6,9,9,4,8,10,8,5,8,8,10,10,5,8,8,4,5,6,8,10,7,4,9,7,9,5,6,9,11,8,5,8,7,5,6,6,8,7,10,8,4,10,6,7,7,8,6,9,7,6,8,4,6,9,8,8,5,6,8,4,6,8,7,4,9,13,9,5,6,6,9,10,9,9,6,10,4,9,7
434,720,0.742857143,5,5,9,6,3,5,4,8,10,5,4,8,3,8,8,5,7,7,7,8,6,13,4,6,5,5,8,6,7,7,8,13,6,6,7,7,7,7,9,6,6,3,8,7,11,9,6,10,9,6,6,5,8,6,10,8,6,8,9,8,8,7,5,10,6,7,8,9,11,7,7,7,4,9,12,4,8,4,12,5,11,9,6,9,8,8,10,6,9,7,9,8,7,5,9,10,3,8,8,3
436,690,0.753571429,6,7,7,7,7,4,10,5,6,8,5,5,6,11,6,7,5,4,7,4,6,10,11,8,6,9,6,6,8,7,10,6,9,5,4,8,9,8,10,8,5,8,5,9,2,8,9,4,9,8,5,7,11,8,6,7,8,9,5,4,14,3,9,4,7,8,6,2,3,5,6,9,10,9,4,8,8,5,8,2,7,8,10,6,10,3,8,4,7,7,6,6,6,6,5,8,11,9,8,7
438,718,0.743571429,5,6,6,6,6,8,3,7,10,12,4,6,4,10,4,9,8,7,11,7,4,9,5,5,5,6,9,11,7,9,9,4,9,2,5,8,10,6,6,7,7,8,10,7,8,8,8,9,7,7,5,8,7,9,6,6,9,8,5,8,9,7,10,7,6,6,8,7,6,7,9,5,5,4,6,8,5,4,7,6,9,9,8,10,11,6,9,7,11,7,11,6,7,7,9,11,8,6,2,7
440,697,0.751071429,3,4,6,6,12,6,8,7,10,7,6,10,3,10,3,6,11,7,6,4,7,9,5,5,6,6,7,5,14,6,8,7,7,6,8,6,6,8,8,5,4,9,4,4,10,6,4,7,9,9,4,11,6,5,5,11,14,5,3,7,7,8,6,7,7,12,7,9,10,8,4,4,1,8,3,5,9,8,8,8,10,8,7,8,7,9,8,8,9,11,7,5,10,10,4,3,8,8,2,5
442,679,0.7575,4,6,8,5,5,6,3,8,4,6,4,7,3,7,7,12,4,7,6,7,13,9,3,6,4,7,4,5,12,4,8,7,7,9,6,4,5,11,8,5,8,5,10,4,9,7,4,7,7,6,8,9,8,11,4,8,5,9,8,10,6,5,9,7,10,4,4,7,6,7,5,8,4,4,7,5,7,7,6,4,6,8,7,12,10,8,6,6,5,11,4,9,7,5,12,7,6,12,7,6
444,730,0.739285714,6,6,4,6,12,6,5,7,7,7,11,8,13,11,10,12,4,5,10,3,5,5,9,9,9,5,6,8,11,8,10,10,9,8,8,7,7,8,3,10,9,8,7,9,5,8,7,9,7,5,9,12,6,7,10,6,11,3,5,6,13,3,6,9,5,5,6,3,6,9,7,6,9,4,5,7,8,7,7,7,10,7,6,9,7,4,5,8,7,12,7,4,9,3,7,5,8,8,9,6
446,694,0.752142857,9,6,7,5,4,6,3,5,6,8,3,5,16,9,5,5,6,8,6,5,8,6,6,9,3,7,9,10,6,5,6,4,9,4,7,7,5,9,6,8,5,5,4,10,7,8,8,6,5,8,7,9,6,11,5,6,5,9,7,6,6,8,8,7,4,10,6,8,8,10,11,6,3,8,6,6,9,6,6,6,6,9,7,11,7,6,11,8,8,7,5,10,7,6,7,6,8,11,8,6
448,710,0.746428571,14,11,6,7,9,9,4,7,7,8,5,8,3,8,5,7,6,6,7,3,4,8,7,5,10,8,4,4,7,7,7,8,6,9,8,8,8,6,6,8,6,9,6,6,9,7,7,13,6,5,7,6,6,10,5,9,8,7,5,6,8,5,6,8,7,8,8,7,6,3,6,9,5,9,9,6,6,9,10,7,7,7,7,7,3,9,3,8,8,8,8,5,11,5,7,8,7,7,10,12
450,650,0.767857143,5,5,8,6,5,6,5,8,5,5,9,9,10,10,7,4,6,8,8,5,5,4,5,9,8,7,7,8,5,6,2,8,4,4,5,9,7,7,6,8,4,8,4,5,5,6,6,7,3,6,6,8,9,5,6,9,7,11,8,9,8,3,9,6,3,6,5,8,9,5,7,8,4,4,5,9,2,9,10,5,7,7,10,6,6,9,5,8,6,5,3,5,7,11,10,3,10,6,4,7
452,750,0.732142857,11,9,8,9,10,8,4,6,6,7,5,7,6,7,10,4,12,8,10,4,11,13,6,6,10,8,8,8,6,4,8,7,8,12,4,6,5,9,8,5,7,7,4,7,3,10,12,6,4,11,11,6,9,4,7,7,6,7,8,10,6,10,5,6,12,11,10,6,7,3,8,6,11,9,6,8,7,4,8,9,6,7,9,9,5,7,6,7,14,7,6,7,3,8,6,6,7,10,9,10
454,695,0.751785714,7,6,7,8,6,6,7,9,7,5,6,9,9,10,6,10,3,7,8,5,8,5,7,6,8,6,6,4,10,8,8,12,5,7,7,7,4,6,4,7,5,6,7,11,8,7,4,10,6,6,6,7,2,6,7,10,8,7,6,10,9,6,6,5,3,2,7,8,6,12,8,4,8,3,3,8,8,2,8,5,10,8,7,7,9,12,5,5,7,9,12,3,10,13,5,8,6,7,8,8
456,749,0.7325,6,7,11,6,7,4,8,6,9,8,5,6,9,4,7,11,4,7,4,9,10,8,10,12,9,12,6,4,11,9,9,11,8,8,8,8,7,11,6,7,6,7,8,9,10,7,7,6,9,3,5,8,6,7,9,7,9,4,3,9,6,9,9,6,7,9,7,4,8,6,10,5,5,9,8,11,10,8,6,9,8,9,6,9,8,4,5,7,5,7,10,8,7,9,3,12,9,8,5,7
458,778,0.722142857,13,8,9,7,4,5,7,8,11,6,8,5,6,9,7,9,14,8,7,5,7,9,4,7,10,11,5,12,5,14,9,9,13,6,7,8,6,8,4,11,11,6,10,11,11,9,8,11,4,5,10,10,10,5,6,9,4,9,6,11,8,9,6,9,7,8,6,7,7,7,10,11,8,9,6,10,11,9,6,5,8,7,7,9,9,5,5,10,7,6,7,5,4,5,6,10,5,6,5,6
460,709,0.746785714,7,6,7,9,8,3,4,3,10,6,6,5,11,13,7,7,7,7,5,7,7,8,5,5,7,6,10,9,8,5,8,9,5,5,5,7,7,8,2,9,5,13,6,10,7,8,8,7,8,6,7,4,7,5,5,7,3,9,5,9,8,7,10,9,7,6,8,7,7,6,9,9,6,8,9,9,5,6,7,8,11,8,6,7,10,6,8,4,6,6,11,8,10,7,7,6,9,6,5,5
462,700,0.75,4,5,6,4,6,2,10,10,7,5,10,11,9,6,11,8,9,9,5,3,4,4,11,9,6,6,8,7,4,10,5,7,5,11,6,7,11,6,5,10,6,9,9,6,9,8,6,4,6,9,11,5,6,5,4,1,5,11,6,7,9,6,8,9,7,6,6,11,8,6,6,10,7,9,6,4,7,5,8,8,4,7,8,8,9,5,8,7,5,11,11,2,9,8,5,7,5,8,6,6
464,749,0.7325,8,12,6,9,7,5,9,3,5,11,3,6,7,7,12,11,8,2,8,5,8,8,7,10,8,6,9,7,6,10,9,11,7,10,7,6,8,6,8,6,8,6,7,8,9,5,8,7,5,7,6,12,6,9,4,5,8,6,6,8,7,7,10,8,8,7,6,9,10,7,3,7,11,6,10,11,7,4,6,10,7,11,8,7,6,5,10,10,11,9,8,7,7,7,10,5,6,6,8,6
466,697,0.751071429,7,6,7,8,8,7,9,8,6,8,5,5,6,6,5,7,13,7,6,9,6,12,6,5,3,7,10,4,3,7,7,5,8,5,3,9,8,7,6,5,4,5,5,7,6,9,10,10,8,9,7,7,11,5,9,7,8,12,5,6,5,9,6,9,8,10,5,5,4,9,7,2,7,4,9,9,5,9,9,7,10,5,9,9,6,6,7,8,6,7,6,8,4,3,9,10,9,7,5,6
468,686,0.755,9,4,5,5,7,4,6,5,12,6,5,4,7,10,7,8,6,6,6,8,5,4,10,9,2,11,4,4,10,5,7,10,6,8,7,6,11,6,3,5,8,7,8,9,5,8,8,5,6,4,8,3,9,10,7,8,3,8,4,7,10,8,6,5,9,7,9,14,11,7,4,6,7,6,8,7,5,6,9,6,8,6,8,3,6,6,4,11,9,8,4,5,9,6,7,8,9,6,7,8
470,680,0.757142857,8,7,9,6,7,7,8,4,7,7,5,7,6,7,5,9,8,4,8,9,9,4,7,10,4,10,9,7,6,7,6,9,5,7,9,4,5,5,8,11,8,8,4,8,7,8,10,11,6,8,6,6,3,7,5,9,4,3,4,4,9,5,8,5,9,7,7,11,3,5,13,5,8,7,6,6,3,6,6,2,10,9,5,6,6,8,7,5,9,6,12,9,6,6,5,6,8,7,4,6
472,709,0.746785714,8,9,6,3,5,3,3,6,2,11,9,5,5,6,8,8,8,7,9,12,11,13,7,9,7,8,8,5,11,7,5,10,7,3,13,5,8,8,6,12,8,10,8,6,3,7,8,5,6,10,7,6,6,9,6,8,9,9,7,6,6,6,11,10,5,9,6,2,8,5,10,6,6,7,9,6,4,9,8,4,7,6,6,8,5,11,5,8,11,7,5,4,11,3,6,3,6,7,7,6
474,700,0.75,2,8,7,7,5,11,8,8,10,6,8,9,8,7,8,7,7,6,6,7,9,7,10,5,7,8,9,10,6,4,8,7,5,9,8,8,6,9,6,5,8,7,7,9,4,9,10,8,3,6,8,5,8,5,5,7,7,7,7,5,7,9,8,5,9,4,6,6,7,5,10,8,8,11,9,8,6,3,9,5,6,5,6,6,4,6,6,12,6,6,7,10,7,7,4,7,4,7,7,8
476,739,0.736071429,11,4,9,6,8,8,8,2,10,8,9,8,4,9,7,7,8,8,3,5,6,7,9,12,7,6,8,6,10,5,6,8,8,10,9,10,7,9,6,3,5,6,7,5,9,9,12,4,6,6,8,9,10,9,9,6,9,9,5,8,5,5,8,9,10,4,8,7,3,7,7,3,8,7,8,13,5,9,7,9,6,9,7,9,7,9,7,7,6,9,13,6,17,5,5,9,6,5,7,3
478,728,0.74,8,9,7,8,6,4,8,4,8,4,5,6,7,7,7,7,6,9,6,4,10,9,5,8,6,11,6,7,9,8,10,4,7,6,6,8,7,4,12,5,9,6,7,8,5,8,9,3,7,11,2,6,10,8,6,9,7,10,10,7,10,11,7,9,5,9,6,7,11,13,6,4,6,3,9,10,8,5,8,12,6,13,5,6,12,7,7,7,8,7,6,5,6,9,6,10,8,6,5,4
480,723,0.741785714,6,7,4,8,10,8,9,11,5,9,7,7,9,7,9,7,5,7,5,5,6,10,11,7,5,5,7,7,7,6,7,11,6,9,8,9,10,7,7,5,11,7,8,9,8,9,11,9,8,3,8,5,6,7,9,8,15,6,4,5,4,10,7,7,8,12,7,9,3,6,9,5,5,6,6,8,4,10,7,6,5,7,7,6,8,6,7,12,5,5,6,12,7,4,4,8,7,7,6,4
482,692,0.752857143,8,2,4,5,8,7,12,7,8,7,9,11,6,9,6,0,7,8,6,9,6,8,9,8,6,6,6,9,11,10,8,5,4,7,9,7,6,9,6,5,6,8,8,4,6,8,6,4,6,5,6,8,6,3,6,3,9,7,7,10,9,4,9,10,2,10,9,9,4,5,5,11,8,7,3,6,8,6,4,7,4,9,8,12,7,7,11,8,4,8,8,3,8,7,5,8,6,8,8,7
484,707,0.7475,8,8,5,9,8,11,8,8,8,8,7,9,6,9,9,9,2,12,4,5,6,8,6,11,4,4,8,7,6,8,5,4,5,5,9,4,8,9,4,7,7,5,6,11,9,9,8,6,9,6,6,9,7,7,6,11,6,9,8,6,8,6,10,7,6,8,4,9,8,4,9,4,2,8,6,9,3,8,7,7,5,9,7,6,8,7,3,9,4,9,8,7,9,7,9,7,8,7,5,8
486,678,0.757857143,5,10,6,6,8,13,5,11,5,8,5,9,5,5,2,5,6,10,7,5,0,7,5,5,5,5,7,9,4,7,6,5,11,5,3,5,11,11,5,7,8,7,7,9,7,11,7,6,7,6,8,4,8,8,8,4,4,8,7,8,7,5,11,11,8,7,6,7,7,7,8,6,7,8,8,5,5,5,6,9,8,7,7,6,4,4,9,10,7,7,6,8,10,7,8,5,3,8,4,6
488,714,0.745,8,2,11,5,10,7,5,8,11,8,10,8,7,8,8,8,17,8,7,4,5,7,6,6,5,8,8,7,5,5,3,7,7,8,7,15,5,4,8,6,6,6,9,5,5,2,5,5,7,8,4,7,6,7,6,8,8,8,10,4,6,11,11,10,10,7,6,11,8,12,7,10,7,6,10,9,7,5,8,9,4,3,6,6,5,5,6,6,5,8,6,5,7,7,3,8,10,7,11,8
490,725,0.741071429,5,9,11,7,8,5,6,2,8,12,6,5,7,10,6,9,9,6,3,8,6,15,11,8,5,7,12,8,7,8,9,10,6,8,4,7,11,6,5,7,5,2,6,9,11,3,8,11,6,5,10,8,7,9,4,7,8,4,6,9,8,6,11,6,8,8,6,7,8,3,8,11,6,4,8,6,8,8,11,3,11,5,6,5,8,5,6,12,5,5,6,5,7,5,7,7,7,10,7,12
492,694,0.752142857,7,5,5,11,5,9,8,8,10,7,9,8,7,6,8,8,7,5,9,5,11,6,8,10,6,9,5,9,6,5,5,4,6,8,9,9,8,4,8,7,5,6,5,9,4,8,8,6,2,10,8,6,7,5,6,10,7,4,5,3,7,7,7,9,5,8,3,6,9,7,5,11,10,8,4,11,8,7,11,9,9,6,7,9,6,5,3,7,4,7,5,5,3,6,7,7,11,6,9,6
494,734,0.737857143,7,7,8,5,7,4,8,4,13,10,10,10,11,10,6,6,4,8,5,5,7,4,7,9,6,4,9,7,8,9,8,9,11,5,10,7,7,5,10,9,5,10,7,7,8,7,8,6,11,6,4,8,11,9,12,4,7,9,8,4,3,11,4,9,10,7,9,4,5,5,8,5,10,9,8,4,6,5,9,6,7,7,9,9,7,7,13,5,7,9,6,8,10,4,8,9,7,4,7,4
496,741,0.735357143,9,7,9,4,7,8,9,10,8,11,7,10,6,3,8,9,3,7,12,9,10,5,4,4,12,11,8,8,4,7,7,7,7,10,11,6,4,9,11,9,9,7,9,4,10,5,9,5,5,11,5,5,6,8,11,9,5,5,8,9,7,6,8,4,5,8,8,7,4,4,8,5,11,9,5,10,4,7,9,6,11,12,9,8,5,5,11,8,7,6,7,7,5,12,7,5,7,8,6,5
498,739,0.736071429,6,8,5,3,6,9,11,4,8,7,6,9,6,6,6,6,8,9,5,8,6,7,8,3,1,10,7,11,9,8,8,7,7,3,10,5,4,9,10,11,7,8,3,10,4,7,7,10,8,6,6,6,10,11,7,1,6,6,5,11,7,10,11,8,9,5,5,8,10,9,8,13,4,6,8,12,8,8,10,7,8,12,4,5,7,6,9,7,5,10,11,7,7,7,6,9,12,7,5,10
500,739,0.736071429,8,1,5,6,9,4,5,7,6,4,8,6,8,9,12,8,5,2,4,4,9,11,9,6,9,8,7,8,8,4,9,10,11,5,10,10,6,8,6,6,5,5,6,9,4,12,11,5,10,5,8,4,7,7,7,8,7,6,9,7,7,9,8,7,7,6,9,11,14,5,8,11,12,5,8,5,7,10,8,8,7,8,7,9,9,8,7,8,8,6,8,5,8,9,3,7,9,7,10,8
