variable_number,total_errors,success_rate,running_average,V1,V2,V3,V4,V5,V6,V7,V8,V9,V10,V11,V12,V13,V14,V15,V16,V17,V18,V19,V20,V21,V22,V23,V24,V25,V26,V27,V28,V29,V30,V31,V32,V33,V34,V35,V36,V37,V38,V39,V40,V41,V42,V43,V44,V45,V46,V47,V48,V49,V50,V51,V52,V53,V54,V55,V56,V57,V58,V59,V60,V61,V62,V63,V64,V65,V66,V67,V68,V69,V70,V71,V72,V73,V74,V75,V76,V77,V78,V79,V80,V81,V82,V83,V84,V85,V86,V87,V88,V89,V90,V91,V92,V93,V94,V95,V96,V97,V98,V99,V100
2,1735,0.380357143,,11,20,17,20,16,18,20,19,14,20,20,16,13,17,16,17,19,13,17,17,12,22,15,19,21,15,19,20,15,11,21,15,17,16,21,18,21,20,21,23,16,20,19,19,16,14,20,15,20,14,18,20,21,15,19,11,17,12,18,15,21,22,17,21,19,18,10,15,21,14,20,13,14,18,14,20,19,17,14,19,16,19,15,17,17,20,15,20,19,16,16,19,21,19,16,15,19,17,17,15
4,1520,0.457142857,0.505535714,13,15,16,18,11,19,15,16,19,14,17,15,14,18,15,17,16,17,16,14,17,17,17,12,9,14,13,18,10,19,20,16,14,18,10,14,19,14,12,16,12,19,11,10,16,17,12,13,14,15,17,10,16,12,18,13,18,16,14,14,13,11,15,15,16,17,21,14,15,18,13,13,16,14,14,14,15,16,20,21,14,10,17,12,18,13,15,11,14,14,13,17,19,22,16,13,13,20,16,21
6,1226,0.562142857,0.538857143,10,11,15,11,13,12,14,17,11,9,11,13,12,11,12,15,13,8,13,16,12,14,17,7,16,12,11,10,13,12,14,8,13,15,8,12,10,15,13,13,8,9,15,15,11,13,13,12,16,14,13,8,18,12,11,12,12,14,10,9,10,10,13,15,13,11,13,13,12,10,10,13,14,9,13,13,17,18,11,14,14,9,10,13,8,11,13,13,16,11,12,10,9,15,14,11,13,10,13,12
8,1057,0.6225,0.590714286,13,5,10,13,11,11,14,10,11,11,11,7,10,9,11,8,12,10,12,13,17,8,7,12,14,13,9,11,11,10,8,12,10,8,14,10,10,12,15,12,11,11,12,13,10,11,6,10,12,9,9,6,9,13,11,7,10,9,15,9,8,12,11,8,15,10,10,9,9,9,11,13,8,13,8,12,8,11,8,12,7,10,7,11,9,15,7,10,12,11,10,10,8,13,17,15,8,11,11,12
10,918,0.672142857,0.634,11,7,6,13,8,12,10,6,10,7,8,10,11,9,14,5,10,11,8,13,8,8,9,7,12,8,8,6,10,10,10,6,7,10,7,7,10,14,5,9,8,7,7,7,10,6,14,12,8,7,10,6,10,8,10,6,11,15,4,9,11,11,12,6,13,11,7,11,10,12,8,10,13,10,7,10,11,7,10,8,9,12,11,8,6,10,5,7,9,10,6,9,10,14,11,8,10,11,8,11
12,1009,0.639642857,0.657857143,11,9,9,9,6,13,10,11,9,16,8,5,13,7,10,8,10,11,12,6,9,7,10,13,9,9,9,16,8,12,9,9,12,12,8,11,11,12,12,12,6,11,7,12,7,5,13,10,8,10,8,10,12,8,8,15,10,8,12,10,15,10,10,11,10,15,11,14,13,13,6,8,10,6,10,10,12,9,14,7,14,10,8,15,9,8,13,11,12,8,11,12,11,8,4,10,8,10,10,10
14,914,0.673571429,0.6705,9,7,10,8,10,9,10,10,6,9,8,10,8,7,15,10,10,9,12,7,11,9,5,8,5,11,9,10,7,11,15,8,9,9,8,13,12,9,11,11,10,6,7,4,9,10,4,8,7,7,10,8,9,2,6,8,9,11,17,10,9,13,15,9,7,10,11,7,12,9,9,17,8,11,8,7,10,3,8,11,8,7,8,10,11,8,7,10,11,8,6,11,13,10,8,7,12,12,7,9
16,892,0.681428571,0.676928571,8,11,12,6,11,11,11,12,7,10,7,9,10,6,6,7,11,10,10,7,9,1,12,7,10,5,4,5,13,7,7,7,11,12,15,8,8,10,5,7,6,8,12,9,12,8,9,10,10,10,8,12,6,11,10,9,8,7,8,12,10,9,11,12,8,8,9,3,10,12,7,11,9,11,11,7,10,10,8,11,7,9,8,6,6,10,12,9,7,8,9,13,11,9,4,9,11,11,7,9
18,880,0.685714286,0.691214286,11,9,8,12,9,12,5,11,11,8,8,8,10,6,9,7,7,14,8,10,7,7,8,12,6,7,9,4,9,10,8,7,8,9,11,11,15,14,9,3,11,6,9,5,10,8,5,9,9,15,10,7,7,7,10,8,8,6,11,9,11,6,12,10,5,6,6,9,6,10,7,5,12,9,7,12,6,10,10,12,15,9,12,4,7,9,14,5,7,8,7,8,13,11,10,9,12,9,6,7
20,828,0.704285714,0.699785714,12,8,8,11,12,9,6,6,4,4,8,12,7,5,7,5,8,11,7,8,10,2,8,4,9,8,6,5,11,7,7,12,9,10,12,6,11,9,8,9,6,9,11,6,12,10,9,11,8,5,4,8,5,10,9,9,9,8,11,9,9,10,6,8,13,9,5,8,7,10,10,6,11,5,9,8,9,11,6,8,12,12,7,5,10,10,7,13,10,7,8,10,8,4,7,10,7,8,9,6
22,809,0.711071429,0.706142857,10,3,8,8,11,9,8,8,9,12,10,10,10,4,10,6,6,5,8,9,6,7,7,9,10,11,11,8,7,9,7,9,12,7,4,10,7,10,11,4,6,14,9,9,5,6,6,6,9,7,9,10,9,11,10,6,7,10,6,9,7,7,5,9,9,12,11,6,6,6,4,8,9,5,9,2,11,9,5,5,7,9,11,12,7,5,8,11,9,8,10,7,5,9,10,7,11,10,8,6
24,794,0.716428571,0.714857143,11,10,8,6,8,10,7,5,14,10,10,8,8,6,10,8,10,6,5,8,8,8,14,9,9,8,11,8,8,7,8,7,9,7,8,12,9,4,11,8,5,9,8,9,7,7,8,8,9,7,9,9,7,5,5,7,6,8,9,5,12,10,6,7,11,8,6,7,6,6,4,8,9,6,8,9,9,9,6,11,8,7,6,10,8,8,12,6,6,6,5,4,10,5,7,11,6,7,8,8
26,803,0.713214286,0.714357143,11,2,11,9,3,16,8,8,7,11,5,11,7,9,16,11,5,8,8,4,11,6,5,8,6,10,12,8,7,7,7,8,3,10,8,6,10,7,7,8,7,10,9,4,6,6,9,8,8,10,11,6,9,7,7,9,6,9,8,10,9,10,10,7,7,9,7,7,8,8,10,9,8,8,10,10,9,4,4,10,9,4,12,7,7,8,8,9,7,11,4,8,9,9,7,7,9,5,9,7
28,758,0.729285714,0.712642857,6,11,3,6,7,6,6,8,5,6,8,9,4,8,9,9,8,11,7,7,9,5,11,10,7,5,4,8,10,6,8,9,10,6,6,7,13,5,7,9,12,7,9,9,10,5,8,10,10,6,7,10,8,10,9,6,9,8,7,11,7,9,8,9,8,6,5,11,8,9,8,6,9,7,7,7,7,10,5,8,4,7,4,7,7,10,6,6,9,8,6,7,7,8,5,7,6,10,7,3
30,835,0.701785714,0.711714286,9,5,13,6,10,9,13,9,6,4,5,13,11,9,9,11,11,12,6,4,12,9,7,6,11,6,10,11,13,6,13,9,7,5,7,8,8,15,13,5,7,9,8,7,3,8,6,8,8,16,5,9,11,8,6,9,9,9,8,9,9,7,7,7,11,6,6,6,5,8,8,9,9,10,9,10,8,6,10,3,13,10,8,5,7,7,5,7,8,5,12,7,9,7,10,6,10,8,12,6
32,833,0.7025,0.709928571,12,13,5,9,4,6,6,8,7,11,8,7,9,4,11,10,12,8,5,9,6,4,10,9,8,6,13,10,7,7,10,10,10,9,10,8,5,8,8,8,7,7,8,11,11,7,9,10,8,9,9,8,10,9,5,9,7,8,3,8,7,8,12,9,7,10,12,11,7,10,7,10,8,14,7,5,7,12,8,10,7,12,9,8,6,7,8,6,9,10,3,9,11,8,8,6,6,8,6,12
34,807,0.711785714,0.705142857,9,11,11,5,7,11,7,11,7,6,10,10,8,10,5,8,8,8,7,9,7,9,4,10,7,8,7,6,6,10,8,10,4,7,11,6,9,6,7,7,5,9,8,7,9,9,5,6,6,3,6,9,12,6,5,6,9,10,12,8,11,7,9,10,5,6,10,7,11,11,11,11,13,10,11,8,5,8,8,6,7,8,12,7,12,5,6,4,6,10,7,7,12,3,7,11,9,10,8,11
36,828,0.704285714,0.7045,11,7,6,11,11,9,8,8,14,8,8,9,7,9,11,12,6,11,11,7,7,7,7,9,7,9,9,7,7,12,7,7,9,8,8,5,7,12,8,4,10,9,8,4,4,7,9,11,7,5,10,10,7,8,11,6,7,8,8,6,7,4,7,12,14,9,7,8,8,7,8,4,11,8,11,10,8,11,6,6,9,7,13,5,8,11,9,8,5,6,7,6,11,11,9,12,4,7,11,8
38,825,0.705357143,0.707928571,7,7,6,7,14,7,8,7,5,12,9,5,6,6,8,6,4,10,6,14,7,6,5,8,9,6,7,9,11,10,10,7,10,7,6,8,8,5,8,7,14,9,9,7,7,14,12,8,4,9,8,12,10,12,8,11,5,10,10,10,11,6,9,9,9,8,7,10,5,9,5,9,7,9,10,7,4,9,8,10,8,8,7,8,9,6,8,7,8,13,9,8,9,7,10,12,8,11,5,6
40,844,0.698571429,0.708571429,8,14,6,10,8,8,12,8,7,7,9,9,5,10,9,9,7,8,13,10,6,9,8,7,6,9,6,9,8,11,9,7,8,7,4,8,12,9,12,12,11,6,10,9,9,9,8,8,7,9,12,3,7,9,8,8,6,7,8,10,7,10,6,6,8,9,6,10,8,5,9,9,8,7,10,5,8,5,8,8,10,8,8,9,8,10,7,11,11,6,11,7,12,10,9,10,9,9,11,8
42,785,0.719642857,0.7105,5,7,14,6,9,4,8,10,9,7,8,12,8,7,5,9,11,9,8,7,6,7,9,7,13,6,9,8,7,6,7,5,11,10,12,3,6,8,8,4,8,8,6,6,7,3,6,9,10,10,7,8,7,8,8,14,11,10,7,8,7,4,5,6,11,8,12,5,11,4,8,8,9,6,5,4,9,14,14,6,9,10,10,9,10,8,5,7,6,6,7,4,5,8,6,11,6,11,11,4
44,798,0.715,0.713857143,10,13,5,11,7,12,5,11,9,6,7,8,6,8,8,10,8,6,8,8,6,9,8,11,6,7,10,7,10,9,6,12,7,7,7,6,8,6,9,5,8,9,8,11,11,8,7,10,8,8,8,10,6,12,13,7,4,8,7,12,5,8,6,7,3,9,9,8,5,6,7,9,5,10,6,7,9,9,8,8,9,10,7,12,6,11,10,6,10,6,4,8,9,8,6,8,11,3,7,6
46,801,0.713928571,0.715285714,7,12,10,5,4,12,10,11,9,12,8,13,8,10,9,7,10,10,10,11,4,8,6,4,7,7,7,10,11,8,4,4,13,6,10,9,9,11,8,12,6,8,5,4,7,6,7,7,9,8,12,9,10,3,8,9,5,11,10,8,9,7,9,8,5,7,8,7,6,6,9,6,5,4,6,7,3,6,8,8,7,8,11,7,9,7,4,6,7,8,12,10,11,11,10,8,12,5,9,7
48,778,0.722142857,0.714285714,6,6,9,6,11,11,8,9,8,9,8,7,8,7,7,11,11,15,7,0,4,9,9,8,8,6,9,8,6,3,8,9,8,7,7,5,10,8,11,6,11,9,10,8,7,9,10,10,6,7,7,9,14,6,7,4,9,5,11,8,8,5,8,11,6,7,10,8,7,5,4,9,8,6,8,7,10,6,10,8,11,10,5,8,6,3,7,6,5,5,8,10,5,8,9,5,11,10,7,8
50,824,0.705714286,0.724357143,5,7,10,9,6,10,4,5,8,5,11,7,8,9,9,8,10,8,10,7,13,5,10,4,8,13,11,12,6,6,7,11,11,9,9,9,9,8,9,7,7,13,9,6,8,9,10,1,9,10,10,9,8,5,11,7,8,11,9,8,5,10,7,10,8,8,10,4,11,8,6,7,9,5,10,7,10,10,9,6,7,7,11,6,10,8,6,7,9,7,8,11,7,6,11,10,4,10,9,9
52,799,0.714642857,0.735,10,7,11,10,7,8,9,11,11,9,5,8,12,11,8,8,5,10,6,8,10,8,8,9,6,9,6,5,5,5,9,8,9,12,6,8,6,8,4,5,8,13,9,7,10,10,11,10,5,6,11,5,13,4,6,7,7,5,5,7,6,10,8,11,5,10,7,6,8,5,9,6,9,12,7,8,8,6,6,6,9,11,7,10,5,11,9,5,12,7,8,7,8,5,6,11,8,13,7,8
54,657,0.765357143,0.745,5,4,12,7,11,10,10,7,6,8,8,7,7,9,8,4,11,4,5,6,5,8,6,7,9,2,5,3,5,3,1,5,6,8,4,8,7,4,7,8,4,8,8,7,6,5,2,4,11,10,7,5,8,5,6,9,5,7,6,8,10,6,6,8,4,10,9,9,6,4,8,5,4,7,6,11,6,8,7,6,8,8,8,6,3,4,5,12,6,10,3,6,5,4,7,6,5,7,8,5
56,652,0.767142857,0.759857143,6,10,7,8,6,7,10,12,9,4,8,8,9,11,9,7,11,1,6,5,9,5,5,4,3,4,9,6,2,6,7,4,11,4,6,7,6,2,9,8,7,3,5,6,7,7,9,9,8,4,5,4,9,5,6,6,6,12,2,6,6,7,8,3,4,8,4,6,9,8,9,8,6,7,6,6,8,3,4,5,6,11,5,6,6,7,9,3,3,9,8,6,9,4,7,6,9,5,9,2
58,638,0.772142857,0.772642857,8,3,7,9,7,2,6,7,7,5,8,5,9,10,5,5,3,8,7,6,6,5,8,7,5,8,5,5,5,10,10,4,8,5,8,7,9,6,7,6,8,6,6,4,6,9,6,7,5,8,9,6,10,8,7,8,7,4,8,9,8,3,6,7,8,9,5,5,4,7,3,8,8,4,5,4,4,3,4,0,10,8,4,7,10,5,6,5,3,6,5,6,6,8,7,9,6,10,4,6
60,616,0.78,0.774928571,11,6,5,10,10,8,5,6,7,4,6,11,7,4,4,4,5,4,8,7,2,5,7,6,5,5,9,8,6,4,6,7,7,6,5,5,2,7,5,6,5,6,5,6,6,9,4,8,5,8,7,7,5,7,5,9,5,4,6,4,13,5,6,3,8,9,5,6,8,3,4,3,6,7,6,9,5,7,5,4,8,6,5,7,6,2,9,7,9,4,5,9,6,5,6,5,8,5,10,6
62,620,0.778571429,0.779714286,3,10,5,7,4,5,6,4,11,7,6,6,8,6,9,6,8,11,8,7,6,6,8,6,4,9,4,4,10,9,4,3,6,9,4,10,5,4,5,8,8,4,8,6,2,5,10,5,6,6,8,4,2,4,8,11,4,7,2,6,7,9,4,7,5,2,4,5,6,5,4,7,4,6,7,9,9,7,5,8,5,7,10,4,3,8,4,8,4,7,6,6,8,9,8,5,7,5,4,5
64,625,0.776785714,0.783785714,6,4,6,3,10,6,6,9,5,6,8,7,8,7,7,9,7,4,5,6,7,5,6,9,8,4,7,7,6,7,6,7,10,6,8,6,5,4,7,7,3,7,7,7,7,8,5,8,8,8,4,9,5,4,8,7,8,9,3,11,6,2,4,6,12,9,3,10,7,4,4,5,5,5,5,2,8,5,7,6,6,5,4,6,4,5,6,7,7,8,5,5,8,6,5,7,3,2,7,7
66,585,0.791071429,0.783785714,5,2,6,6,8,4,7,6,4,5,5,7,5,3,8,9,2,9,9,10,6,8,5,5,5,5,9,2,5,7,7,4,4,4,3,7,7,7,9,2,3,5,7,10,3,3,8,9,7,7,7,3,7,6,7,7,6,5,7,4,10,8,7,8,7,6,7,4,11,7,7,9,4,5,3,7,3,5,7,7,5,5,6,4,5,4,3,7,2,7,2,7,3,6,2,5,9,7,6,6
68,581,0.7925,0.783071429,8,5,5,8,3,2,10,9,7,9,7,6,6,6,3,7,3,5,3,9,3,7,6,4,9,8,4,7,6,8,5,6,6,6,3,3,3,4,8,6,7,4,7,9,5,6,8,7,5,9,5,5,4,9,4,2,5,3,8,5,6,5,6,3,4,4,2,7,6,6,7,9,7,5,5,10,6,4,6,3,6,4,3,5,3,6,7,3,8,4,9,9,4,7,9,6,6,6,8,7
70,616,0.78,0.7855,8,6,8,5,5,5,2,7,4,4,7,8,7,4,14,6,4,3,7,6,7,7,6,8,6,6,8,8,6,9,2,6,8,4,5,5,6,8,7,2,6,3,8,8,9,8,4,10,7,5,3,5,5,2,7,9,9,8,10,5,5,5,4,8,4,7,6,10,5,7,7,5,4,6,7,5,7,6,6,7,6,8,5,7,9,8,5,4,3,5,9,6,8,8,2,6,4,5,5,7
72,630,0.775,0.787857143,7,8,4,9,8,5,4,6,8,7,5,7,6,5,3,10,3,8,5,9,6,4,7,10,13,6,5,7,5,5,10,7,5,4,10,6,6,6,1,2,4,7,6,7,7,10,3,9,8,7,2,11,6,6,3,7,3,6,7,7,7,8,6,3,10,6,4,11,3,7,8,9,7,5,4,6,5,8,3,5,6,4,4,5,5,9,6,3,5,13,8,5,9,8,7,7,9,4,4,6
74,591,0.788928571,0.790857143,6,3,7,8,6,6,9,5,4,8,5,8,7,9,7,3,5,5,5,7,4,3,10,5,6,6,3,4,9,4,5,4,6,7,8,4,5,4,8,7,6,7,5,8,6,6,5,6,5,6,5,4,5,2,5,5,11,7,7,5,7,6,6,7,7,7,3,8,5,9,6,9,3,5,3,7,6,5,8,5,8,5,8,8,5,5,8,4,6,5,3,9,9,5,3,6,6,5,6,4
76,552,0.802857143,0.790357143,5,4,9,3,5,4,6,4,7,6,8,8,7,4,6,3,2,5,5,3,7,2,5,5,6,6,4,6,7,5,7,9,7,8,9,6,6,2,5,5,4,6,6,2,8,5,6,6,4,6,8,8,6,4,9,2,4,4,7,7,2,4,7,4,8,7,3,3,6,5,8,4,2,3,4,5,7,4,8,6,6,7,3,0,11,3,8,6,3,3,5,11,3,8,7,7,9,8,7,4
78,539,0.8075,0.794357143,9,7,2,3,4,6,7,4,6,3,4,5,6,1,7,2,5,7,8,1,3,2,6,8,5,4,6,5,1,4,5,4,6,3,6,8,9,3,5,5,3,7,6,4,8,5,10,5,10,8,4,7,5,3,5,6,6,6,5,3,7,6,4,4,4,10,4,4,7,9,4,3,4,6,9,6,5,5,5,7,6,9,8,7,5,2,7,2,5,8,5,4,5,5,2,10,5,5,7,8
80,623,0.7775,0.795285714,4,4,6,5,11,5,11,6,8,6,6,9,5,5,4,10,8,8,6,4,6,8,4,6,4,7,5,7,8,10,5,4,8,6,12,6,5,7,4,8,2,8,11,4,6,5,6,10,7,8,8,7,5,5,10,5,6,7,3,6,8,7,9,1,10,6,7,6,6,5,7,6,5,5,4,6,7,6,2,6,5,5,4,4,5,5,4,7,5,7,5,14,3,7,7,9,5,6,2,5
82,574,0.795,0.794714286,5,4,6,5,6,6,9,7,4,7,8,4,3,6,4,6,7,8,6,6,6,5,4,9,3,7,6,4,5,4,4,7,2,6,3,7,8,5,5,8,5,8,7,5,5,5,7,4,4,5,7,4,6,5,7,5,7,5,7,4,3,7,7,6,7,6,8,5,10,5,2,5,4,8,7,10,7,6,5,5,5,10,6,4,4,4,3,7,9,4,6,7,10,6,3,4,9,4,3,6
84,578,0.793571429,0.792857143,3,5,7,2,4,3,3,3,6,5,7,2,7,6,4,11,3,8,6,10,9,4,4,4,8,8,7,5,5,5,6,7,8,4,12,10,2,3,6,8,5,4,8,2,2,8,7,3,5,7,4,7,5,3,7,4,7,4,7,8,6,3,9,1,6,2,7,4,6,6,7,4,6,5,5,4,11,6,3,11,7,4,8,3,7,8,7,2,7,7,8,5,6,6,7,9,7,8,9,4
86,560,0.8,0.793785714,9,5,6,6,4,6,4,6,4,9,4,3,5,4,5,4,7,4,3,4,3,5,5,4,3,4,8,4,7,5,6,9,3,7,7,5,7,5,7,8,8,8,4,2,4,4,4,8,6,6,7,6,6,6,3,6,3,6,4,9,9,9,8,7,4,6,5,6,6,5,5,7,7,5,4,10,7,8,7,7,8,5,1,4,4,9,7,3,3,2,5,3,9,3,7,7,4,7,5,8
88,565,0.798214286,0.795214286,2,6,2,6,10,8,6,10,3,4,3,6,7,3,5,6,9,8,10,8,4,6,4,7,6,9,2,4,8,3,7,1,6,4,7,8,7,5,7,7,6,4,3,4,4,5,4,4,8,1,4,5,6,7,8,4,6,7,5,10,9,5,5,4,8,6,5,7,4,3,4,3,7,6,7,6,5,3,5,5,7,4,4,4,7,10,7,6,7,7,3,5,10,6,5,5,7,4,7,4
90,610,0.782142857,0.795071429,5,7,7,9,6,8,4,3,6,4,4,8,5,3,4,8,6,6,3,6,9,7,5,4,9,9,6,5,4,6,6,9,6,8,5,5,5,5,7,7,6,8,4,5,5,9,7,7,6,7,6,10,8,7,7,5,3,6,7,4,7,8,2,8,8,3,6,8,5,6,4,4,7,2,10,5,6,10,6,6,7,4,9,5,6,5,4,5,9,8,4,8,5,10,5,9,2,4,4,10
92,554,0.802142857,0.795571429,2,5,5,3,6,8,5,4,6,6,8,4,7,3,4,5,5,7,8,4,7,3,4,3,5,2,8,2,5,6,6,3,7,7,4,8,9,2,3,5,7,5,4,3,4,8,6,7,5,6,7,8,8,8,5,6,5,8,3,8,1,7,4,4,7,8,3,3,10,7,5,4,8,9,8,4,6,7,2,5,4,3,2,9,7,3,6,4,7,7,7,4,6,4,12,7,4,11,3,7
94,580,0.792857143,0.795357143,5,3,5,7,5,6,2,7,2,6,6,8,7,8,7,4,6,4,4,6,8,6,9,5,5,6,7,4,11,5,7,4,6,2,8,4,4,7,11,8,1,4,13,5,9,5,8,4,7,3,7,3,3,6,4,4,7,2,4,5,6,8,4,4,3,4,6,7,6,7,5,9,5,6,2,4,8,9,6,5,9,5,4,6,8,11,7,9,7,7,7,5,5,6,8,4,5,2,5,7
96,553,0.8025,0.799214286,5,4,7,7,8,5,6,8,3,10,7,4,4,3,6,7,10,5,6,4,5,3,3,2,7,3,8,8,8,5,4,2,4,4,7,5,5,8,5,8,9,5,6,7,4,5,6,7,8,4,4,6,4,14,5,3,8,6,6,5,6,7,6,1,3,3,3,6,9,2,4,5,10,3,6,6,5,5,4,3,5,7,8,5,5,4,3,3,10,4,6,9,4,4,7,4,4,7,5,7
98,568,0.797142857,0.797357143,3,4,5,4,9,7,9,5,5,5,7,6,7,7,4,6,6,4,8,3,5,6,7,6,9,8,5,5,4,9,9,6,8,5,5,4,4,6,4,8,9,9,4,8,7,3,5,6,3,4,6,6,9,3,5,3,4,2,5,4,8,9,5,4,5,7,5,5,4,7,6,7,9,4,4,3,7,10,3,5,5,5,3,9,5,5,7,9,6,5,5,7,4,6,4,1,4,6,5,8
100,556,0.801428571,0.800857143,7,6,8,4,4,6,6,4,1,5,8,9,6,4,6,5,7,7,4,2,4,3,8,4,8,0,6,4,7,6,6,7,8,4,7,8,6,9,6,5,4,4,7,6,5,6,3,4,6,10,7,5,9,4,7,5,9,6,4,5,7,1,6,5,6,2,4,2,3,4,10,4,6,10,5,3,5,6,3,3,4,7,4,8,6,11,12,7,8,4,6,3,8,6,3,4,4,6,5,4
102,580,0.792857143,0.802071429,6,4,7,7,3,4,4,6,5,6,3,5,2,5,3,7,2,4,3,5,5,7,3,8,6,6,3,8,6,9,6,4,7,8,10,10,5,7,4,7,4,6,7,4,5,6,7,3,5,2,6,8,6,5,6,3,4,7,6,7,8,5,8,9,9,11,6,4,8,3,5,8,4,6,5,10,4,6,3,3,5,6,6,6,3,7,6,5,3,8,4,7,4,9,9,9,9,6,6,10
104,531,0.810357143,0.803142857,5,4,4,4,7,3,5,5,4,5,4,3,3,5,1,6,6,5,4,1,8,5,3,2,6,3,9,7,6,5,5,10,7,7,3,7,8,3,4,4,6,11,5,5,5,8,1,5,5,9,4,5,5,6,5,3,8,6,4,5,4,5,3,8,4,4,4,2,8,9,7,4,7,12,8,5,7,6,6,7,4,5,2,4,1,6,4,5,7,7,9,6,7,5,4,8,4,4,6,6
106,536,0.808571429,0.804785714,5,5,3,7,5,2,5,6,3,3,5,9,7,4,4,6,4,8,8,4,6,8,9,11,6,11,4,5,6,8,1,5,4,8,5,7,3,6,7,6,3,10,5,7,4,3,4,5,3,6,3,5,6,6,3,4,3,3,4,6,9,5,8,7,8,5,4,3,8,5,6,7,9,4,6,8,3,5,3,2,4,6,3,1,6,10,5,4,7,6,4,3,5,4,5,6,5,3,8,4
108,553,0.8025,0.806357143,2,5,5,6,8,4,8,4,7,10,9,5,4,3,5,6,5,7,5,5,7,1,4,8,7,5,5,5,3,7,9,5,3,5,4,6,3,7,7,7,4,5,1,6,7,5,6,2,4,3,6,7,3,5,6,6,4,9,6,9,6,7,4,8,5,6,6,7,5,7,4,9,4,6,8,6,4,9,5,7,1,8,6,7,4,5,3,9,4,5,4,4,4,5,2,6,8,8,7,5
110,533,0.809642857,0.804857143,8,5,7,1,4,5,9,4,3,8,7,11,7,4,2,6,9,6,5,7,3,6,7,5,3,7,7,7,7,7,2,5,3,5,4,7,9,6,4,3,2,5,6,3,11,5,5,7,7,7,5,6,3,6,4,5,6,5,3,3,3,5,4,3,6,10,4,8,4,3,7,3,3,4,6,6,5,7,7,2,6,4,9,8,4,4,6,10,2,4,2,8,0,4,6,4,5,4,5,9
112,558,0.800714286,0.802142857,4,6,6,6,5,5,8,6,5,5,4,7,4,4,4,9,4,4,4,6,2,3,3,10,3,4,7,5,3,11,11,6,5,7,11,8,8,8,3,10,13,2,7,3,7,6,6,3,5,2,3,6,4,2,1,3,4,9,7,3,6,7,7,3,8,6,8,8,5,4,3,6,5,3,8,5,6,7,5,6,2,5,3,4,3,7,5,6,4,7,12,6,8,5,6,6,4,8,6,5
114,552,0.802857143,0.801214286,7,7,10,9,3,7,4,6,4,3,3,5,5,3,10,2,3,9,10,6,3,6,5,7,7,4,2,7,5,4,9,4,6,5,5,6,5,4,5,6,7,7,8,6,2,2,5,5,3,7,3,6,10,6,5,7,6,6,5,9,3,3,8,9,6,7,5,9,6,5,4,5,4,3,3,7,4,8,8,6,5,7,4,2,5,5,3,4,10,7,7,2,4,5,5,5,9,5,5,4
116,574,0.795,0.798,10,4,7,3,5,5,3,8,8,6,4,6,11,6,6,3,7,5,5,2,3,5,9,7,1,3,3,6,6,6,8,6,5,4,10,5,3,5,5,9,3,5,9,7,7,6,7,8,3,8,7,8,4,7,6,4,5,4,9,6,5,10,4,8,2,9,6,9,4,5,5,8,6,7,6,7,7,10,3,4,8,7,7,10,5,2,5,6,3,3,5,4,2,6,5,2,6,6,8,3
118,566,0.797857143,0.798785714,7,6,4,3,4,1,3,5,5,8,9,5,7,5,6,4,4,9,1,7,8,4,7,7,3,7,4,6,7,7,6,7,5,8,6,8,1,4,4,5,7,6,5,3,15,7,5,9,12,1,5,5,5,6,3,8,4,4,4,3,1,4,2,7,3,4,6,4,7,5,10,5,7,5,2,5,5,8,6,8,6,4,12,11,10,9,6,6,6,5,6,3,8,4,6,9,5,5,4,3
120,578,0.793571429,0.796928571,5,4,5,6,5,5,5,8,5,6,4,5,9,8,4,14,9,4,8,10,7,4,9,4,8,6,4,6,8,10,4,5,3,7,6,4,4,4,4,4,7,6,6,7,7,6,7,9,4,2,6,6,5,5,3,7,7,8,7,5,7,6,7,9,4,6,7,6,4,3,3,5,7,5,7,3,6,7,7,4,4,7,4,8,5,3,4,5,7,5,6,5,7,8,1,3,5,4,4,10
122,547,0.804642857,0.799,8,5,4,5,4,6,7,6,1,3,6,5,5,5,7,4,8,7,6,1,10,5,5,2,6,5,8,6,7,4,6,3,6,5,6,1,11,1,5,4,6,5,1,4,11,8,3,3,8,7,7,5,7,4,4,6,6,5,5,7,9,6,6,6,5,8,10,7,1,4,3,8,5,7,4,6,3,5,3,9,3,6,2,4,4,6,3,4,6,6,6,8,7,8,4,11,5,7,2,9
124,578,0.793571429,0.8,8,3,5,7,7,9,7,5,6,4,4,8,3,6,3,10,6,11,8,4,3,8,3,6,4,8,3,4,8,6,1,5,6,4,5,4,7,9,5,6,7,8,7,5,6,3,10,10,5,7,6,10,4,6,6,3,4,7,6,3,5,5,6,5,8,10,3,5,4,8,8,9,7,6,4,4,4,9,9,7,7,5,2,6,8,5,2,2,4,1,6,9,7,3,7,4,5,4,11,2
126,545,0.805357143,0.798,4,5,6,7,8,3,5,4,3,4,8,6,7,6,6,3,6,3,6,4,8,6,6,2,3,7,11,9,3,5,10,7,5,4,4,5,3,4,6,4,5,4,7,8,2,7,4,7,5,5,5,5,5,3,4,6,8,2,6,10,6,3,5,6,4,7,7,4,5,6,6,6,3,5,7,3,6,6,5,6,7,3,9,4,7,3,5,10,5,2,6,8,7,6,2,6,5,5,7,8
128,552,0.802857143,0.794714286,9,2,7,3,7,8,6,4,5,12,3,5,2,6,6,6,4,5,8,6,7,5,6,4,8,6,8,5,4,6,5,3,5,5,9,3,6,10,6,3,1,7,7,9,5,4,4,4,7,4,0,5,8,7,4,7,8,7,4,5,8,3,5,5,6,4,7,3,6,8,5,5,5,8,5,4,5,8,6,4,5,7,5,6,4,4,4,2,4,1,8,6,8,3,5,6,7,7,7,8
130,606,0.783571429,0.796642857,2,4,4,3,4,6,6,2,7,4,5,4,7,6,5,6,3,6,5,3,9,5,8,7,9,5,7,5,8,7,7,2,5,6,10,4,7,11,4,11,5,10,6,6,7,3,13,8,5,4,7,4,6,5,4,4,7,9,5,5,9,3,7,3,9,8,6,2,8,5,8,4,5,7,9,5,9,7,11,4,9,4,5,3,6,5,8,7,5,7,6,8,3,7,7,6,9,8,8,4
132,593,0.788214286,0.794642857,6,8,7,7,4,5,8,2,5,1,7,6,11,9,5,8,3,6,8,3,8,10,10,12,7,7,6,8,6,2,5,7,6,3,4,5,7,5,7,5,5,9,7,4,7,7,9,4,7,7,6,5,6,4,5,10,5,7,5,6,7,4,5,3,8,6,5,4,6,3,7,4,4,6,8,2,1,7,4,6,5,8,0,5,5,11,8,6,7,7,8,6,7,5,5,6,2,9,7,2
134,551,0.803214286,0.797428571,10,5,4,5,6,6,6,7,9,3,3,6,5,7,6,7,6,3,5,12,6,1,4,8,2,8,6,3,6,4,4,2,9,6,4,7,5,6,4,6,9,3,6,2,7,5,8,8,7,3,2,7,5,4,6,2,4,3,5,9,7,6,9,7,5,7,5,2,0,9,4,7,10,5,5,7,4,8,6,8,5,4,9,9,7,3,6,7,5,2,2,4,2,5,7,2,4,6,10,4
136,573,0.795357143,0.801,6,7,7,6,5,7,9,4,6,5,1,8,4,9,9,1,5,7,5,9,5,7,8,5,5,1,4,5,7,5,8,7,5,3,3,9,7,5,5,10,7,4,5,4,5,5,5,7,5,5,7,6,6,4,8,3,4,8,9,3,7,3,5,8,8,6,5,7,4,8,6,2,7,7,5,5,7,6,9,9,7,6,2,7,6,4,7,4,5,8,6,4,3,6,8,5,2,5,4,6
138,513,0.816785714,0.804071429,6,4,5,6,7,6,5,6,8,2,6,3,5,4,7,4,3,5,2,2,6,3,3,3,4,5,8,6,4,4,4,4,5,4,6,5,3,9,5,7,6,7,11,8,6,1,4,8,6,4,4,0,5,3,8,8,7,4,1,4,3,9,1,5,1,2,2,5,3,3,4,7,7,6,4,7,8,10,4,3,5,1,5,6,3,5,9,7,4,6,8,10,5,9,7,3,6,8,5,8
140,556,0.801428571,0.803214286,8,8,3,6,6,5,6,8,8,5,4,6,8,5,7,8,7,8,8,3,6,6,8,7,5,2,3,6,6,6,5,7,5,4,9,4,7,6,1,5,8,4,5,11,5,5,7,5,8,5,4,5,6,3,3,3,4,7,3,7,5,6,6,5,4,6,1,7,3,5,7,4,6,6,5,8,4,10,8,8,4,11,5,7,6,6,7,2,5,5,4,2,0,6,6,6,5,5,4,3
142,550,0.803571429,0.806857143,6,4,9,3,4,7,5,8,4,3,5,4,7,6,3,9,8,6,4,6,6,4,12,4,5,6,9,2,2,9,11,5,6,3,7,7,5,5,9,9,9,7,5,6,3,3,3,7,8,5,6,6,5,2,4,8,6,3,3,3,6,2,7,2,7,3,4,7,5,5,4,5,5,4,5,4,4,8,6,6,7,5,6,6,5,4,11,6,5,2,3,5,4,6,7,6,2,6,9,7
144,563,0.798928571,0.802642857,9,7,6,6,4,5,6,9,3,4,7,6,3,8,8,3,7,7,5,7,7,3,5,7,8,7,3,1,1,5,6,8,6,6,5,4,2,11,6,6,3,5,6,8,6,5,6,3,12,11,7,5,4,2,6,5,7,4,5,5,7,7,8,4,7,9,5,2,4,5,4,5,3,4,6,6,6,3,5,7,3,3,9,7,4,3,8,10,5,6,9,7,4,2,11,9,3,3,5,3
146,522,0.813571429,0.802714286,4,7,10,4,5,5,4,7,6,5,8,3,9,6,1,13,2,5,6,5,4,6,4,2,6,4,5,4,5,4,4,3,5,7,6,7,3,5,7,4,7,9,6,5,4,8,3,4,6,2,2,4,12,3,7,7,4,5,8,4,6,3,8,10,6,7,4,2,5,4,7,9,4,7,6,1,6,5,4,5,5,4,4,3,5,5,7,5,4,2,4,6,6,2,6,6,4,7,5,3
148,572,0.795714286,0.805642857,7,4,6,3,9,9,8,8,2,6,5,5,10,5,7,5,3,6,2,3,9,3,6,6,10,4,6,5,4,7,8,10,5,7,5,9,4,3,5,5,6,8,4,4,4,4,12,6,5,2,8,5,3,3,2,1,2,9,4,8,3,3,3,5,7,7,7,9,4,8,5,8,8,7,5,4,6,5,5,6,4,2,7,6,10,4,4,8,3,6,6,5,6,6,11,7,7,10,6,5
150,555,0.801785714,0.806357143,7,10,5,5,6,1,5,5,6,6,5,4,3,5,5,4,4,4,4,6,10,5,7,7,6,6,6,6,9,8,6,8,6,4,5,4,11,9,4,6,5,6,2,3,5,5,7,7,6,6,7,3,9,5,8,7,6,7,6,6,5,5,5,9,6,4,3,5,4,9,3,4,8,11,5,7,2,2,1,4,7,8,3,10,5,1,5,6,9,4,7,4,3,6,3,5,5,3,4,6
152,509,0.818214286,0.804428571,3,5,3,3,5,5,5,3,8,4,4,5,12,3,5,4,2,2,4,6,2,4,3,3,8,4,9,10,5,8,11,3,6,10,2,7,5,4,9,2,3,7,4,5,5,9,9,3,8,8,4,4,5,8,4,1,6,8,5,5,3,10,6,1,3,6,6,6,5,5,5,6,6,8,6,6,5,5,4,3,10,3,7,3,7,3,5,5,3,2,2,2,2,3,6,3,4,4,7,6
154,553,0.8025,0.807285714,2,6,4,4,6,6,3,7,5,5,3,2,1,6,5,4,4,7,3,4,6,11,6,4,9,6,8,5,3,8,3,11,2,8,4,4,4,8,5,4,4,5,4,12,5,11,3,7,6,6,6,7,1,8,6,8,3,6,5,8,5,6,5,6,6,7,7,6,5,9,6,5,5,6,7,9,4,11,4,6,5,3,7,8,6,1,2,7,6,11,3,4,7,2,4,8,5,3,3,6
156,549,0.803928571,0.806071429,4,6,2,9,5,4,7,4,9,3,5,8,4,6,2,6,6,6,5,8,2,6,8,3,6,5,8,5,7,1,4,4,5,8,3,5,5,4,8,8,1,5,6,4,7,6,3,12,4,10,6,9,5,7,6,7,7,7,1,4,3,7,3,6,9,6,2,4,6,4,6,4,4,6,7,1,4,4,2,5,6,6,11,3,3,3,6,9,7,5,4,5,8,8,7,6,5,7,8,8
158,532,0.81,0.801785714,4,7,8,6,8,4,4,6,5,5,4,4,8,7,3,6,4,6,6,5,3,6,3,4,7,4,3,3,8,6,2,5,4,7,6,3,4,6,4,4,4,4,3,9,4,3,7,4,4,7,8,4,6,6,3,6,7,6,9,4,8,10,3,6,7,4,7,5,10,4,3,6,4,5,7,6,3,5,7,4,9,6,8,5,4,2,3,5,4,4,6,4,5,6,4,6,6,7,5,9
160,572,0.795714286,0.800642857,7,5,4,5,5,6,3,7,4,2,8,2,5,7,11,7,7,4,6,5,6,4,4,6,6,7,3,4,7,6,8,4,10,3,3,7,8,7,5,3,7,7,6,6,4,5,5,7,10,5,5,3,5,11,6,7,8,4,3,4,6,8,6,6,4,7,8,6,5,4,9,8,6,9,2,4,3,4,9,4,4,4,5,7,7,3,10,6,2,7,8,5,4,8,9,5,5,7,3,6
162,569,0.796785714,0.805857143,8,6,3,7,4,6,3,4,2,4,5,5,8,5,4,10,4,3,5,6,5,3,2,11,4,8,4,3,4,7,6,5,5,5,8,12,6,4,6,10,7,2,8,9,6,9,11,6,8,10,9,4,3,9,9,6,4,3,3,8,8,4,9,4,5,2,7,5,5,5,8,6,6,5,5,6,3,7,5,5,4,7,4,3,2,3,5,4,4,5,8,5,9,4,7,3,5,7,12,4
164,569,0.796785714,0.805142857,4,3,4,5,7,8,9,7,4,4,8,11,8,2,9,7,5,5,10,7,3,5,4,3,9,1,5,3,4,8,12,5,3,6,8,3,7,5,5,4,7,8,4,4,7,4,4,9,6,9,3,7,6,8,7,9,6,5,6,5,3,5,5,5,5,4,5,4,5,6,6,4,6,11,5,5,7,3,6,8,4,7,4,5,9,5,8,1,3,6,6,4,8,5,6,6,6,8,6,0
166,476,0.83,0.811,4,10,4,9,7,2,3,3,4,7,6,1,3,6,3,4,1,3,6,2,2,3,6,6,7,4,5,5,5,0,3,6,5,4,4,4,6,9,6,6,1,6,4,2,4,6,4,4,6,5,5,7,4,7,3,6,11,6,4,4,5,7,8,6,6,3,4,4,5,6,4,5,5,5,4,6,3,7,2,5,4,6,5,5,4,6,4,4,6,5,4,7,4,5,1,5,4,2,4,8
168,542,0.806428571,0.811857143,6,6,7,2,5,5,5,8,5,5,6,6,5,8,7,2,4,8,5,2,7,5,5,4,3,5,4,5,7,5,7,8,2,5,5,3,8,10,5,5,6,3,8,2,5,3,2,8,6,7,3,5,3,8,4,5,3,7,2,5,9,5,7,3,5,7,4,5,5,2,3,6,10,9,11,6,7,4,2,7,9,6,7,6,5,7,3,7,5,8,4,6,3,9,5,5,7,6,2,5
170,490,0.825,0.814642857,4,2,5,4,5,4,4,3,4,2,1,7,5,9,4,3,2,8,4,4,8,3,4,3,7,5,4,3,1,1,4,7,5,7,6,4,8,7,5,2,3,4,4,7,3,6,5,6,5,7,6,9,7,2,4,4,7,8,6,5,2,5,4,6,5,3,7,2,3,5,6,7,4,8,7,8,1,4,4,1,7,2,6,9,4,9,4,6,4,2,8,6,5,2,8,4,10,10,4,2
172,557,0.801071429,0.8125,9,9,6,8,7,5,1,6,9,6,4,4,3,3,11,10,3,7,4,4,5,3,0,7,3,4,7,6,6,8,4,5,4,3,8,3,8,4,4,9,6,7,9,4,8,4,6,7,6,4,3,6,2,5,3,3,8,3,7,9,3,4,6,4,10,6,6,10,4,4,4,6,2,4,5,4,12,8,7,8,4,3,1,3,7,5,7,8,9,4,4,7,7,6,3,10,3,12,4,3
174,530,0.810714286,0.811928571,2,2,7,5,7,6,5,8,7,4,10,3,8,9,9,6,5,2,3,5,7,5,2,9,7,7,7,5,9,4,4,3,5,4,3,7,9,2,4,4,6,3,7,5,4,5,5,5,3,7,5,6,6,8,3,6,4,5,5,3,9,5,5,7,3,2,4,9,9,1,4,6,5,6,6,7,8,5,9,5,3,5,6,4,4,6,4,5,3,1,5,8,2,5,2,9,3,6,9,4
176,506,0.819285714,0.809357143,5,3,7,7,2,6,5,3,2,5,8,5,6,3,3,7,6,3,3,4,3,4,6,2,5,6,4,4,4,5,6,5,2,2,5,4,10,5,7,5,5,4,7,4,5,5,6,5,5,8,7,4,8,5,8,8,6,4,4,4,8,4,5,3,5,6,4,3,6,7,3,8,3,6,7,3,5,8,1,8,3,6,3,4,5,1,4,7,7,3,4,7,5,6,10,6,3,6,6,8
178,550,0.803571429,0.809714286,8,3,5,4,5,5,7,9,4,5,5,3,5,7,3,6,2,8,3,8,7,5,6,6,9,6,11,3,9,7,7,9,4,3,3,5,10,1,6,3,3,5,2,8,8,5,9,6,10,5,5,10,7,3,5,5,6,6,4,2,7,7,3,4,4,3,7,9,5,4,6,8,7,6,7,6,4,9,4,6,6,7,6,2,4,8,5,5,4,8,4,5,6,3,5,2,3,5,4,3
180,526,0.812142857,0.81,6,4,5,6,6,5,5,3,4,3,8,5,4,7,2,3,5,4,6,6,6,7,3,7,7,5,4,3,8,7,4,8,4,8,2,3,5,6,3,7,5,4,9,6,7,6,7,4,6,6,3,3,6,6,10,4,5,5,8,10,8,7,6,3,4,4,12,7,3,4,5,4,7,4,5,7,9,7,7,4,3,5,1,8,4,8,4,2,4,7,3,3,1,3,8,3,5,1,5,7
182,552,0.802857143,0.806928571,11,3,9,4,4,3,1,3,6,5,5,5,6,3,3,5,6,3,5,10,6,7,6,1,3,5,10,8,6,5,5,7,4,4,5,8,6,11,8,3,6,10,5,2,8,5,4,1,2,3,8,9,9,6,7,4,9,5,6,3,4,6,6,6,6,2,11,4,2,6,6,5,6,4,7,6,9,8,6,2,3,3,4,6,2,6,5,5,7,6,6,9,6,4,5,9,10,6,3,5
184,526,0.812142857,0.809214286,7,6,4,4,5,5,7,4,6,5,10,6,7,9,2,5,2,6,5,1,2,8,4,3,6,3,10,9,3,6,9,5,7,2,5,4,3,7,7,3,3,5,6,5,1,6,5,9,6,5,7,8,5,10,5,7,4,6,4,4,6,5,6,7,7,7,8,6,4,5,4,8,5,5,6,6,2,7,3,9,2,4,5,2,1,5,4,4,3,5,6,8,4,5,5,5,1,6,8,4
186,549,0.803928571,0.807714286,6,8,2,6,5,7,4,3,5,5,7,5,7,3,7,2,1,6,5,2,5,2,10,7,6,5,4,10,10,6,8,10,5,5,2,4,5,11,7,3,5,6,6,7,8,5,5,7,8,6,3,5,6,3,7,1,14,4,4,7,7,10,6,4,6,6,3,8,5,5,3,9,5,7,6,9,3,2,6,2,7,2,5,1,10,7,5,5,6,2,4,4,5,8,7,6,2,2,4,7
188,518,0.815,0.808714286,5,1,4,6,8,5,5,7,4,6,5,8,4,6,10,6,5,5,5,10,3,2,4,8,4,5,6,8,2,2,5,4,3,5,5,8,7,7,3,6,2,3,8,2,3,6,7,10,4,6,4,6,6,3,4,3,7,5,4,6,3,6,4,7,5,2,5,7,8,6,1,3,7,4,7,4,3,3,6,4,3,1,3,7,3,7,4,6,10,9,6,8,5,8,2,4,3,7,7,9
190,547,0.804642857,0.808071429,8,2,6,5,5,7,0,5,7,5,6,5,4,5,6,4,2,8,5,3,3,3,8,3,2,7,4,6,10,6,3,6,10,2,4,9,7,4,3,4,5,2,10,6,5,5,3,6,6,2,8,8,6,3,5,7,6,4,2,6,7,4,6,6,5,11,6,9,7,6,8,4,8,5,5,5,5,3,7,3,5,3,6,2,6,8,6,8,8,5,5,9,5,7,4,5,6,6,11,5
192,538,0.807857143,0.810071429,5,5,6,5,0,4,5,8,4,6,7,7,7,5,6,5,6,7,5,3,4,9,4,2,5,2,4,7,5,6,3,3,3,5,8,6,4,3,9,7,5,5,3,11,2,6,4,4,6,8,2,1,6,10,8,9,8,1,3,7,6,4,8,3,3,2,6,10,5,2,4,10,4,3,6,4,6,5,4,9,5,8,7,5,6,6,4,8,7,3,5,5,7,4,6,7,5,7,6,9
194,535,0.808928571,0.809357143,7,6,6,5,8,7,4,8,7,7,6,5,5,8,8,7,3,8,3,3,8,5,9,7,7,3,2,3,7,5,7,4,5,5,4,3,5,4,11,4,9,4,8,5,2,5,6,4,5,3,6,5,4,7,5,3,9,8,2,5,7,3,6,6,3,6,5,3,7,5,4,5,4,2,2,7,2,5,2,2,5,4,9,4,4,10,4,2,8,10,5,7,6,5,7,5,6,3,6,5
196,521,0.813928571,0.809,8,7,2,6,4,3,4,8,6,6,5,8,2,5,7,3,5,6,6,4,6,5,5,6,3,7,5,3,6,5,1,10,3,5,1,6,5,2,4,7,7,5,6,4,6,6,8,7,3,6,6,5,6,7,4,7,4,2,3,4,3,1,4,4,7,7,9,6,3,4,8,3,2,7,6,5,4,4,7,5,6,10,4,13,7,11,6,0,6,8,8,5,4,6,5,3,2,5,4,3
198,528,0.811428571,0.812428571,4,4,2,7,6,7,7,2,6,6,5,7,5,3,2,9,10,4,4,1,7,6,6,5,8,5,3,3,8,1,8,2,7,8,5,3,4,5,2,3,9,5,6,2,5,3,2,5,6,4,6,5,11,6,7,2,6,5,2,9,4,5,6,5,9,4,6,4,5,4,8,5,10,10,7,5,6,8,8,2,5,2,7,3,3,9,2,9,5,2,2,5,7,4,7,7,8,6,5,3
200,552,0.802857143,0.814285714,6,8,2,15,4,8,5,7,8,2,3,6,9,5,4,4,6,4,5,3,4,9,4,7,2,4,3,6,3,8,5,5,2,4,9,9,5,4,5,3,5,10,6,6,6,9,5,3,2,6,7,7,6,4,3,3,3,7,5,5,4,5,7,5,5,2,5,4,7,5,5,7,6,5,8,3,5,3,10,3,7,6,5,4,9,8,5,6,7,8,7,3,4,7,5,9,9,6,6,4
202,490,0.825,0.813,7,4,2,7,4,6,7,7,4,8,7,5,7,3,9,3,5,2,4,4,3,2,3,2,8,5,5,5,5,3,7,3,2,3,6,8,4,4,0,4,9,3,4,7,6,7,6,7,5,5,3,4,4,3,7,5,8,3,7,6,0,7,4,7,6,2,2,5,3,4,8,5,4,4,5,6,6,4,6,7,5,4,4,5,3,7,5,6,5,7,6,3,2,4,5,5,9,3,5,6
204,509,0.818214286,0.816785714,5,8,2,4,4,3,8,4,4,5,5,4,3,3,5,3,0,8,7,5,5,3,9,2,4,2,2,9,7,7,6,5,5,7,3,6,3,6,4,3,5,3,5,8,4,2,6,3,4,4,4,6,1,5,5,3,9,6,3,5,5,5,4,9,2,8,5,5,7,5,2,5,1,8,4,11,7,4,7,7,8,4,6,2,6,4,5,9,7,6,8,6,8,3,6,3,8,9,5,6
206,539,0.8075,0.822714286,3,5,8,2,8,6,8,5,6,7,4,5,6,9,4,9,6,2,9,5,4,4,7,12,2,4,6,3,8,4,8,6,9,6,3,8,3,4,4,7,8,4,5,6,6,5,6,10,5,8,3,4,6,4,4,7,6,4,6,5,8,3,6,3,7,3,3,3,4,4,6,4,4,6,3,6,4,5,3,3,3,7,3,6,4,8,6,8,4,9,5,9,2,4,9,5,3,4,7,4
208,475,0.830357143,0.8235,3,4,4,4,3,5,5,3,8,4,2,6,7,7,7,9,6,7,3,7,6,6,2,4,4,3,12,4,5,8,3,8,6,5,3,7,2,5,8,5,7,6,3,4,7,2,5,6,8,6,3,3,4,6,3,2,4,3,7,4,3,3,3,4,6,11,1,5,5,3,1,2,6,6,5,3,6,4,6,7,4,2,3,4,5,5,3,5,4,2,3,6,5,5,5,2,3,5,5,6
210,469,0.8325,0.823642857,1,3,3,5,5,2,3,5,8,8,6,6,5,7,12,5,6,6,2,2,9,5,4,7,4,4,3,3,2,4,4,3,3,4,4,7,5,2,6,6,4,6,3,7,8,3,6,2,2,4,4,2,5,5,5,7,4,5,3,6,2,9,1,4,7,6,7,4,9,1,6,3,2,4,3,5,6,4,6,7,2,6,2,5,3,4,5,5,4,6,4,5,6,4,3,3,4,8,9,5
212,479,0.828928571,0.827285714,2,6,7,5,7,8,4,3,4,3,2,8,6,6,6,3,4,2,2,7,8,6,6,2,6,3,13,8,8,4,9,9,8,11,1,7,4,2,4,3,6,1,3,5,5,6,5,7,1,5,4,7,2,5,6,2,4,2,4,4,3,6,2,5,5,6,5,7,3,2,4,8,3,7,5,8,1,5,4,2,1,5,2,4,6,6,7,3,8,3,3,5,4,9,3,4,3,4,5,2
214,507,0.818928571,0.827714286,4,4,4,5,6,3,4,5,5,3,4,4,6,3,5,4,4,8,6,4,6,5,3,5,6,6,7,5,9,7,2,4,7,8,3,6,8,6,5,2,6,2,10,5,4,6,2,7,3,8,7,6,6,8,4,5,3,8,6,8,6,4,1,7,11,0,4,5,3,1,5,10,3,4,7,4,5,10,6,3,6,6,5,5,2,3,4,5,4,6,5,4,6,5,4,2,4,7,4,6
216,488,0.825714286,0.826285714,4,3,9,3,2,6,5,4,9,1,4,3,3,5,4,3,8,10,3,9,6,7,7,2,3,7,6,5,3,4,9,8,10,3,8,6,3,11,4,2,3,3,7,4,3,7,2,4,6,6,6,7,5,9,5,4,7,3,5,2,2,4,3,5,5,5,5,4,6,6,4,1,2,6,4,8,5,3,5,3,3,3,2,10,4,6,5,3,6,4,4,7,2,5,7,1,4,2,8,6
218,469,0.8325,0.826357143,5,3,5,6,6,2,4,3,6,9,4,3,1,4,3,4,4,3,3,7,8,7,4,6,2,3,8,7,8,2,1,5,6,2,3,8,4,7,8,6,3,2,4,8,3,3,5,4,1,6,2,4,5,3,6,2,4,7,3,5,6,5,6,4,3,6,4,9,7,6,4,5,4,4,6,4,2,4,0,5,5,4,8,4,2,7,6,9,6,8,3,6,2,5,5,4,4,6,8,3
220,489,0.825357143,0.826142857,6,5,5,4,4,6,4,5,4,6,7,7,7,6,4,5,5,9,4,6,5,5,5,4,0,10,6,4,1,7,4,7,3,11,7,6,5,6,4,6,5,2,2,5,4,7,1,2,4,5,3,7,2,8,3,6,5,5,7,6,5,3,5,7,8,4,3,4,3,4,8,7,5,4,7,0,4,4,5,6,5,4,3,4,7,4,4,4,6,5,5,7,4,5,2,4,3,5,4,4
222,478,0.829285714,0.822785714,5,4,4,4,1,3,4,2,6,6,6,4,9,4,8,2,8,4,7,3,3,4,4,0,4,3,6,3,4,7,6,6,4,8,2,6,4,8,6,5,5,3,4,3,8,5,2,2,7,9,6,8,3,3,3,3,4,5,4,4,3,7,2,3,4,5,5,7,5,4,7,5,8,6,12,3,6,1,2,4,3,5,5,7,4,3,2,4,5,9,9,2,4,8,4,6,4,8,8,1
224,510,0.817857143,0.826071429,3,4,4,3,7,6,4,6,6,8,7,3,6,6,2,5,2,4,7,4,2,2,6,5,4,2,6,8,6,5,8,8,4,7,3,6,4,7,2,7,4,4,7,8,1,4,3,9,4,7,8,3,5,6,3,1,7,6,5,3,6,4,4,7,4,5,7,6,3,9,5,4,7,10,2,7,2,6,6,5,2,6,7,6,4,4,1,8,6,5,2,3,5,4,10,5,6,5,10,5
226,535,0.808928571,0.826928571,7,5,4,3,6,4,2,8,4,7,4,6,6,6,5,7,5,4,8,5,3,5,3,4,1,2,5,4,8,9,5,6,4,5,5,6,9,4,8,3,7,9,5,4,6,2,6,7,10,7,4,6,5,6,4,6,7,6,5,4,6,8,2,5,3,8,5,9,6,5,6,5,5,5,6,4,8,8,8,7,7,6,4,8,3,5,5,7,2,2,5,4,3,4,6,8,2,7,4,3
228,423,0.848928571,0.825214286,5,4,6,6,5,3,5,7,2,4,5,3,2,4,2,4,6,4,4,6,5,6,6,2,3,6,4,9,3,6,7,1,2,3,2,2,7,2,3,3,8,5,4,3,4,4,3,4,4,5,2,4,2,8,2,3,7,8,6,1,4,4,6,2,4,5,2,2,4,2,3,3,10,3,6,3,4,5,5,3,5,3,7,2,3,9,5,3,5,4,2,3,5,5,7,3,4,6,1,5
230,477,0.829642857,0.823857143,3,5,5,4,3,2,3,6,5,7,10,3,5,6,6,5,3,3,4,4,7,7,5,1,5,6,2,7,7,5,7,3,1,2,5,0,5,3,3,6,5,5,4,10,7,5,2,7,5,5,6,5,4,5,3,2,5,3,8,11,5,8,5,6,4,5,3,8,3,6,4,4,5,2,4,7,6,7,5,3,2,3,1,2,5,2,6,7,7,9,5,4,3,5,5,3,12,3,4,3
232,502,0.820714286,0.827,6,6,7,5,4,7,1,3,4,5,7,5,6,7,2,3,7,6,9,6,6,4,5,6,4,7,2,4,4,10,5,6,7,2,3,4,5,8,6,10,6,4,3,4,1,2,5,6,4,3,10,6,3,3,2,5,4,2,7,6,3,4,7,6,4,8,6,2,4,5,4,5,4,5,6,5,6,6,6,5,5,6,5,5,2,5,4,7,1,6,6,2,6,4,5,3,13,3,7,6
234,529,0.811071429,0.819928571,2,2,6,5,4,5,4,2,6,8,7,7,2,3,5,4,7,4,4,4,2,5,6,4,6,7,2,7,6,5,3,8,2,4,6,10,5,6,5,8,8,10,3,3,6,6,3,5,5,4,5,6,8,7,4,8,2,5,7,7,8,6,3,8,8,5,6,5,5,4,10,9,5,6,5,6,4,4,6,4,1,5,5,7,4,7,10,6,2,4,5,5,5,2,6,3,7,5,6,7
236,491,0.824642857,0.818357143,4,4,3,5,3,6,5,8,6,4,3,4,8,4,5,9,2,6,7,6,6,3,2,7,3,5,4,6,5,6,3,6,6,6,2,5,3,4,4,6,6,8,2,6,4,9,6,2,2,6,6,4,5,6,4,3,5,2,4,5,4,2,4,4,6,5,3,4,5,8,8,5,5,6,3,4,4,5,7,2,5,7,2,5,6,5,1,9,5,5,8,4,6,10,4,3,4,5,9,5
238,522,0.813571429,0.817785714,6,3,4,6,2,4,9,5,5,5,4,5,3,6,7,6,5,5,2,5,6,6,4,2,2,5,5,5,6,5,3,8,5,4,4,9,4,6,6,4,3,3,3,8,4,5,11,6,10,6,6,8,2,6,5,7,2,3,1,4,5,6,5,3,4,6,9,5,6,8,7,5,5,5,4,4,5,3,5,7,6,10,8,8,2,7,8,7,4,4,4,9,6,2,5,5,4,5,7,5
240,499,0.821785714,0.8205,3,9,7,8,10,8,8,5,3,4,7,5,5,7,3,5,6,6,4,4,3,7,4,5,3,6,4,9,8,4,2,5,5,3,7,10,7,5,4,2,2,4,9,3,4,5,6,5,4,3,4,5,6,9,5,5,3,6,5,3,7,4,6,3,5,5,4,3,6,3,5,3,5,2,3,7,6,5,8,1,2,5,5,7,6,5,5,3,2,3,4,5,2,7,3,5,4,8,8,3
242,510,0.817857143,0.820714286,4,7,5,6,5,5,4,5,4,7,5,10,6,8,4,6,3,3,7,4,7,2,12,5,5,3,8,8,2,3,5,5,9,3,9,4,8,5,7,2,6,1,5,6,6,7,4,5,3,5,6,3,10,5,5,3,3,4,4,2,5,6,7,2,7,7,5,3,4,3,9,2,7,5,5,7,4,7,7,3,6,5,6,3,2,5,1,7,6,3,8,1,4,7,7,3,3,5,5,5
244,491,0.824642857,0.824071429,7,4,5,4,0,7,1,5,7,4,4,4,9,7,6,3,6,4,6,5,7,3,7,3,2,3,4,5,8,6,6,6,3,5,5,6,8,4,4,9,4,4,9,1,4,3,6,4,5,6,8,3,4,4,2,5,3,5,6,4,4,5,9,6,5,4,4,8,3,4,6,2,3,7,5,4,4,6,7,6,6,6,4,4,7,3,1,3,4,7,4,6,10,4,5,8,4,4,3,4
246,488,0.825714286,0.824714286,3,2,2,1,4,4,2,4,0,3,3,11,5,8,1,6,3,4,4,5,5,9,1,4,5,5,5,4,7,7,4,6,4,7,3,7,6,5,5,7,6,2,5,5,7,8,3,6,5,5,6,4,5,2,4,2,9,8,9,4,4,5,4,8,5,6,5,5,4,5,6,6,8,6,3,5,2,5,5,6,4,7,2,8,5,3,4,4,8,4,3,6,8,4,5,5,2,7,4,6
248,475,0.830357143,0.827,5,4,4,3,6,5,6,4,4,5,3,4,7,7,4,6,3,3,3,4,6,2,2,7,3,5,3,3,4,6,0,6,7,3,7,6,5,1,9,2,5,8,6,9,5,3,4,5,5,6,6,7,4,4,5,5,4,2,4,6,2,4,4,7,3,4,8,4,7,3,4,7,1,7,6,2,3,11,4,6,8,4,7,4,3,2,6,2,5,2,4,5,2,5,7,2,9,7,3,11
250,490,0.825,0.827357143,4,7,7,3,4,2,3,5,6,7,5,9,4,7,3,4,1,4,7,3,4,3,2,5,2,4,8,7,3,0,4,2,6,7,5,6,5,4,6,7,2,5,7,5,4,5,3,2,6,8,3,4,9,5,5,4,7,5,10,3,8,7,5,5,4,2,3,6,2,3,5,6,1,5,6,3,10,4,7,7,9,5,6,1,2,9,7,4,6,6,8,4,5,5,4,6,6,4,4,3
252,478,0.829285714,0.83,2,4,6,4,11,5,4,6,8,5,3,8,4,7,4,3,8,3,5,4,3,5,4,4,6,6,5,7,5,3,6,5,7,7,4,3,6,6,2,4,6,6,3,3,4,5,5,11,5,2,3,5,6,3,3,4,4,4,4,6,6,2,5,3,4,8,6,8,6,5,5,5,4,4,5,4,4,5,3,5,6,3,3,2,5,3,4,5,10,2,5,4,3,2,3,4,4,6,7,6
254,486,0.826428571,0.8285,5,4,5,5,3,5,3,6,4,4,9,7,5,7,4,6,5,4,3,7,10,8,7,8,2,7,3,5,8,3,6,6,10,6,4,1,3,3,9,3,8,7,6,3,5,1,3,3,7,7,4,5,2,4,8,6,1,2,6,11,5,5,6,5,5,4,6,2,3,3,1,3,6,5,5,6,3,3,3,5,7,4,6,7,5,3,5,3,4,6,7,2,1,3,5,5,7,3,2,5
256,451,0.838928571,0.829285714,5,4,5,3,5,6,6,3,4,8,6,4,3,4,2,6,6,3,6,5,6,3,5,4,9,9,5,9,1,6,4,3,5,6,3,0,6,8,4,3,7,2,5,4,3,2,3,3,6,1,5,4,2,5,4,0,2,2,4,2,2,6,10,4,3,1,4,6,2,4,10,6,6,4,8,5,3,3,4,4,8,3,3,2,1,4,5,5,5,7,4,3,3,10,7,9,3,2,7,6
258,496,0.822857143,0.830857143,8,5,1,7,4,4,5,6,2,6,7,5,2,4,4,6,2,4,2,7,4,9,4,5,5,5,4,3,3,3,7,7,8,4,6,8,6,6,5,6,6,5,7,5,1,4,6,3,7,7,3,9,10,3,2,6,5,7,3,3,3,3,7,5,6,5,6,3,1,12,8,3,8,3,5,4,6,5,6,4,2,3,4,4,5,6,3,7,3,5,4,4,5,6,5,4,5,6,4,7
260,479,0.828928571,0.830785714,6,8,5,6,3,2,6,8,6,4,4,6,5,4,2,5,3,7,5,6,4,5,4,4,6,5,5,7,5,8,2,6,7,4,9,2,2,4,4,2,3,4,6,5,3,6,4,5,8,12,3,1,5,2,8,8,5,5,4,4,5,3,3,1,7,8,7,3,6,6,6,3,5,6,3,5,3,3,7,3,4,2,7,3,4,4,6,7,1,5,2,6,7,11,2,3,4,5,4,2
262,456,0.837142857,0.8305,3,5,4,5,4,5,6,5,6,6,3,8,8,7,3,4,6,6,4,1,3,0,4,8,7,4,6,4,5,5,7,1,4,4,4,3,2,4,4,5,5,3,2,4,4,2,4,5,3,5,8,3,4,4,5,3,6,8,2,6,5,2,3,7,6,2,4,7,7,7,2,2,2,10,2,4,2,7,4,8,2,6,4,3,5,6,4,6,2,5,3,6,5,5,6,5,5,1,9,6
264,487,0.826071429,0.833928571,3,4,4,6,7,5,7,8,5,7,7,3,3,3,9,4,4,3,6,3,6,7,5,5,7,5,2,1,5,7,6,3,5,6,5,2,3,5,5,4,5,7,8,5,4,8,4,4,3,2,5,2,6,3,3,5,7,5,5,9,3,5,6,4,7,7,6,1,6,7,3,2,5,7,10,5,5,4,5,6,8,8,6,3,1,4,0,5,5,4,4,2,4,4,8,5,3,7,5,2
266,455,0.8375,0.833857143,3,4,3,2,6,6,3,3,2,8,4,8,3,4,2,5,2,1,6,6,6,5,4,4,7,2,4,3,5,4,6,4,5,8,5,5,7,7,8,5,3,5,4,2,5,6,7,1,5,3,6,3,3,4,7,6,3,6,8,3,3,5,4,3,2,3,4,6,4,5,2,4,2,5,3,3,5,7,4,5,4,6,6,8,2,1,1,3,3,8,8,4,7,4,7,6,5,6,7,5
268,448,0.84,0.834214286,2,5,5,5,5,3,3,5,2,3,4,3,5,5,3,4,12,8,8,1,6,2,8,4,7,3,4,12,5,5,4,2,2,2,3,2,4,5,4,4,5,3,6,1,4,1,5,4,6,1,7,3,6,3,4,4,4,6,4,2,5,3,6,8,7,2,8,7,7,4,3,4,7,3,6,4,5,4,2,3,2,6,5,1,3,7,4,8,4,4,2,4,3,7,4,3,4,6,13,2
270,480,0.828571429,0.835428571,2,4,4,2,3,1,8,4,5,4,3,1,2,5,7,3,5,5,4,5,6,4,9,6,3,6,3,3,6,4,2,6,7,4,5,6,2,8,5,6,3,7,5,9,5,4,3,6,7,5,3,4,6,6,9,2,6,4,12,4,5,8,8,3,2,4,2,3,7,6,4,2,5,5,8,6,5,3,5,7,4,4,6,7,5,3,5,4,4,4,3,9,5,4,5,3,7,7,3,2
272,451,0.838928571,0.833785714,5,4,5,3,6,3,5,8,3,6,6,4,6,3,4,8,2,4,3,5,6,5,6,3,1,6,7,6,7,4,6,3,4,3,8,2,2,3,4,3,5,4,4,6,3,3,4,3,4,3,4,3,1,4,4,8,3,8,0,7,2,2,2,6,6,3,6,7,6,3,6,4,5,7,3,4,4,2,4,7,6,5,4,4,6,4,4,6,5,4,6,9,5,6,5,3,4,5,6,2
274,470,0.832142857,0.831142857,6,1,1,3,2,5,3,8,4,2,3,2,5,8,8,4,3,3,3,7,5,4,10,6,6,4,6,8,7,4,6,4,5,6,5,6,6,8,5,5,1,6,7,1,3,8,1,5,9,5,3,7,5,7,5,4,6,7,6,3,3,3,6,6,4,5,4,7,5,3,2,8,3,2,1,8,5,8,6,6,6,3,1,3,3,5,4,7,5,5,5,4,5,4,3,3,3,3,5,2
276,478,0.829285714,0.829857143,8,3,5,8,5,3,2,5,3,5,9,6,4,4,2,6,6,6,3,1,6,6,7,6,3,5,3,3,2,7,5,9,7,6,8,6,6,5,6,6,3,7,4,2,7,3,7,2,4,4,2,2,6,4,7,6,4,7,3,6,3,2,0,3,2,5,8,6,5,5,6,6,6,4,4,2,4,5,4,2,4,6,6,6,6,5,6,3,2,5,1,10,6,4,6,4,3,4,10,3
278,485,0.826785714,0.827785714,6,4,4,5,3,4,6,3,5,4,7,12,3,5,3,8,3,6,3,6,7,5,3,7,8,2,7,6,5,3,8,2,7,4,5,7,5,3,7,5,4,4,8,4,3,4,2,6,2,4,10,6,6,3,4,4,4,6,5,1,4,2,3,4,5,6,11,5,7,9,2,3,8,7,4,2,4,4,3,7,2,4,4,7,6,7,4,3,4,2,4,2,3,9,4,5,2,8,6,3
280,498,0.822142857,0.826714286,6,4,3,8,3,4,4,7,3,5,2,3,4,3,5,3,6,2,6,9,8,7,5,1,3,2,7,9,4,5,3,5,5,1,12,4,3,6,4,6,8,2,3,4,5,2,5,6,6,7,4,3,8,5,4,7,3,4,5,8,6,4,6,6,8,6,8,4,3,8,4,6,4,9,3,2,6,4,2,3,7,8,3,6,9,5,7,4,4,6,6,5,4,5,6,3,5,6,7,1
282,480,0.828571429,0.827285714,6,5,4,3,7,7,3,8,8,3,7,2,3,7,8,3,5,4,6,2,5,4,7,6,7,5,3,3,6,6,6,3,5,4,6,3,5,5,4,6,1,4,4,5,4,4,2,5,1,2,7,7,2,6,5,3,8,3,6,7,5,8,3,6,5,5,5,4,4,11,7,4,12,4,4,4,11,5,4,8,2,4,1,3,6,3,4,7,3,5,2,2,3,2,2,4,5,7,2,8
284,485,0.826785714,0.828142857,2,5,7,2,8,3,5,11,6,6,3,1,3,7,5,3,1,2,6,5,5,5,6,2,5,5,6,3,6,6,4,5,4,7,3,2,5,7,6,3,6,7,8,5,4,10,5,4,4,6,5,3,7,5,2,6,5,4,8,3,4,7,5,3,4,7,1,4,6,4,5,4,3,3,3,6,3,5,6,8,2,7,4,7,2,5,6,5,5,7,6,5,7,3,6,8,3,5,4,4
286,470,0.832142857,0.8285,3,5,8,2,3,2,4,5,5,6,6,6,5,2,4,8,6,6,5,6,5,1,7,5,6,3,6,4,4,4,1,2,3,5,2,3,3,4,3,2,6,3,6,6,2,7,5,3,4,5,5,6,4,2,2,5,8,3,5,2,3,5,4,10,7,1,5,4,7,3,10,3,7,11,10,5,6,5,9,5,5,2,4,3,4,8,7,0,5,2,5,7,4,5,5,5,6,6,5,3
288,473,0.831071429,0.827785714,2,4,5,5,8,6,7,4,7,5,4,4,3,11,2,3,10,3,5,2,5,6,6,7,5,5,4,4,1,9,8,4,5,5,5,8,2,7,5,5,5,4,5,7,1,4,3,6,5,3,6,4,5,7,5,9,1,3,5,5,5,6,3,8,2,2,3,5,5,4,8,5,2,0,2,5,4,7,5,8,2,2,6,1,3,5,3,8,6,4,3,4,4,8,1,3,8,5,8,1
290,493,0.823928571,0.826714286,5,5,4,6,8,3,8,7,7,7,4,5,3,5,5,6,1,4,2,4,3,8,6,7,2,9,5,6,7,4,5,7,3,9,6,4,4,6,6,8,5,5,4,1,3,7,5,4,1,2,3,5,7,8,5,7,6,3,5,4,4,4,3,6,3,2,3,2,6,4,8,8,8,3,4,3,5,2,3,7,6,4,4,3,9,6,5,5,6,4,5,7,2,6,5,4,8,5,3,4
292,490,0.825,0.8235,4,3,4,5,6,4,5,5,6,4,5,2,4,6,3,3,5,0,5,4,5,6,9,4,8,5,5,5,4,4,6,6,5,8,3,9,7,2,4,4,4,7,7,1,8,6,7,4,3,4,2,2,3,3,6,6,3,4,9,2,5,5,5,3,4,6,2,4,5,3,8,12,7,4,3,6,9,4,2,6,4,8,6,3,8,7,4,4,6,3,5,5,5,3,10,4,5,5,3,6
294,500,0.821428571,0.821642857,8,6,6,5,7,2,5,11,3,6,4,4,6,3,7,6,6,4,5,6,4,6,4,7,8,4,5,8,6,2,6,7,7,6,2,7,1,7,2,8,3,5,9,6,4,4,4,5,7,3,5,2,5,8,5,2,5,4,7,3,6,4,5,5,1,8,4,6,3,6,4,4,2,5,4,6,6,2,9,1,2,6,5,5,7,2,5,7,4,9,3,7,2,5,3,5,7,4,4,4
296,515,0.816071429,0.8225,2,8,5,5,4,4,3,6,1,10,5,8,11,4,5,4,5,6,6,6,4,5,6,6,4,5,3,5,6,4,5,7,5,3,3,6,8,2,5,3,5,2,6,3,11,7,6,5,1,9,2,9,3,2,3,4,5,8,5,6,4,1,3,5,2,3,5,6,5,11,1,8,11,6,6,3,2,4,6,7,5,4,3,5,7,4,7,8,4,4,6,5,4,3,9,7,4,10,8,4
298,499,0.821785714,0.823285714,3,6,4,3,7,4,5,3,10,2,6,8,2,4,6,4,10,5,2,6,5,1,3,5,4,6,7,3,6,4,3,7,5,4,4,4,2,7,2,3,7,2,4,4,6,7,2,4,4,10,1,6,7,8,5,8,5,7,3,6,7,3,5,5,8,4,2,4,5,8,5,6,5,6,9,2,4,3,6,2,2,3,4,8,4,7,9,4,4,8,7,10,2,4,6,5,7,5,7,3
300,481,0.828214286,0.823714286,1,5,4,4,6,3,3,7,7,10,3,6,3,3,4,4,2,3,6,2,2,1,4,6,1,7,4,8,5,3,6,5,6,4,2,4,4,7,4,4,7,2,7,5,1,5,4,5,7,5,10,2,6,7,5,3,5,4,4,7,7,4,3,4,1,4,3,4,6,6,6,6,3,4,9,8,4,3,3,4,6,4,3,10,10,11,5,4,5,7,6,5,8,6,4,1,5,6,8,1
302,479,0.828928571,0.826071429,8,7,5,4,5,1,5,2,6,3,7,5,5,2,4,7,5,5,3,2,3,4,7,7,6,5,9,7,4,6,1,4,6,7,5,3,1,2,1,4,4,5,3,6,3,8,6,4,5,5,3,6,5,4,6,3,5,8,7,6,5,4,8,6,3,4,3,1,3,8,4,5,6,7,4,10,5,3,4,5,4,8,7,5,6,3,7,5,3,8,4,2,1,4,4,6,2,8,5,4
304,494,0.823571429,0.828714286,3,7,8,6,7,2,7,3,5,7,4,5,5,9,5,8,5,5,10,5,11,6,7,3,5,6,2,5,3,8,5,4,6,3,5,4,9,6,4,5,5,6,4,6,4,5,8,3,7,5,4,3,3,8,7,5,5,6,4,5,4,5,4,3,3,6,5,1,6,2,3,6,5,6,4,3,3,7,6,3,4,7,3,1,3,10,3,3,6,4,3,6,3,1,5,2,8,6,5,0
306,482,0.827857143,0.824928571,5,3,4,4,5,2,3,3,4,4,11,5,4,6,8,9,5,5,6,6,4,3,9,8,3,4,7,8,5,1,4,4,3,3,3,5,2,10,5,4,5,3,2,5,4,4,4,1,1,2,10,3,5,6,2,6,5,8,5,8,6,4,3,5,5,3,2,2,1,9,6,10,7,2,8,6,5,4,6,5,3,4,4,5,7,2,3,5,3,5,7,7,6,5,6,5,5,4,4,7
308,462,0.835,0.823857143,3,3,5,6,5,5,5,1,5,3,4,6,2,6,6,5,3,2,7,6,6,3,7,4,3,5,5,4,2,6,3,4,5,6,2,1,8,3,5,4,9,6,7,2,2,3,7,4,7,2,5,2,3,3,4,3,10,3,5,6,6,6,4,8,3,7,8,2,4,6,2,3,8,6,4,5,6,7,2,8,4,4,3,6,4,4,3,7,6,4,4,7,6,2,3,6,3,4,7,3
310,534,0.809285714,0.823428571,5,2,4,4,4,3,8,6,6,6,6,9,3,5,3,5,4,8,2,4,4,9,8,9,5,2,5,5,7,8,4,1,5,9,4,4,6,3,3,4,10,3,11,7,5,4,2,4,8,7,4,4,9,7,8,6,7,11,5,8,9,4,5,2,5,6,10,4,10,7,3,3,7,4,1,6,11,4,3,5,8,4,9,4,2,4,4,5,3,6,5,0,3,7,3,10,2,4,3,7
312,494,0.823571429,0.823642857,5,8,2,6,5,3,3,11,3,3,6,3,10,6,4,6,1,4,8,5,6,2,6,3,9,1,6,5,7,8,7,5,8,5,2,3,6,5,5,7,9,5,4,5,5,6,2,6,5,6,5,7,5,7,5,5,5,2,6,4,3,3,7,8,10,2,10,5,9,1,9,3,2,5,2,2,4,4,5,2,4,4,5,3,7,1,8,2,2,4,6,4,4,6,2,5,5,6,6,2
314,500,0.821428571,0.820642857,2,7,4,6,8,4,2,6,6,5,2,10,4,6,4,5,3,8,10,7,5,8,4,5,9,6,5,2,6,3,1,6,9,0,4,7,6,5,6,11,4,2,3,10,6,4,4,7,3,5,1,4,4,6,7,4,4,4,4,6,4,4,5,5,2,2,5,6,4,3,2,7,5,8,7,7,0,3,3,6,4,3,7,3,4,5,6,6,5,6,3,9,6,6,7,2,5,5,6,5
316,479,0.828928571,0.821785714,4,4,9,5,5,3,4,5,8,6,12,6,4,4,4,2,5,5,1,1,3,8,5,4,7,5,2,9,5,3,4,9,3,3,4,3,4,5,9,6,3,3,4,3,4,3,6,6,6,9,4,6,6,5,5,5,2,3,3,1,3,3,5,5,7,5,5,5,2,8,8,2,2,5,4,5,7,2,5,4,3,3,4,7,14,6,1,4,4,7,2,5,2,7,10,9,4,2,4,4
318,504,0.82,0.821357143,5,5,4,5,4,3,5,7,4,4,7,4,5,4,1,3,7,1,6,3,8,4,5,4,5,5,5,8,2,5,7,3,5,10,6,4,7,10,3,3,5,5,5,4,7,5,7,5,4,5,8,6,6,6,5,8,4,3,3,5,7,5,3,9,7,3,5,7,5,5,6,4,6,3,6,9,4,7,2,5,4,2,1,5,4,4,4,7,5,2,5,7,4,4,8,7,5,10,4,2
320,518,0.815,0.8185,7,7,7,4,4,13,2,6,5,1,3,4,6,8,6,5,5,0,2,5,10,4,9,8,7,8,3,4,8,2,2,3,4,8,4,9,1,5,4,5,7,6,9,4,4,4,5,5,8,8,6,6,7,6,5,11,8,2,3,5,2,4,3,9,2,3,7,8,9,6,9,3,7,4,5,6,6,3,8,5,4,3,7,5,3,3,4,8,5,4,5,1,6,3,2,6,4,2,4,3
322,500,0.821428571,0.815714286,4,4,4,5,7,7,4,8,2,3,4,4,4,4,6,4,4,7,6,4,1,6,8,5,3,3,3,3,4,6,5,5,3,3,7,5,1,9,4,3,4,4,7,6,7,5,4,3,3,5,4,7,9,4,6,5,5,4,7,3,5,6,7,7,8,2,6,4,5,5,8,7,5,8,5,7,1,2,5,6,1,8,5,6,4,5,9,5,7,6,7,8,4,3,7,8,4,6,3,1
324,540,0.807142857,0.812642857,6,5,7,2,3,4,5,3,7,7,6,5,9,5,6,5,4,8,3,7,5,5,7,5,4,4,6,4,6,3,5,6,6,1,3,6,5,3,6,5,1,5,4,10,5,8,4,5,6,4,7,5,6,5,2,5,4,4,6,7,4,6,6,4,8,7,5,7,4,3,11,4,9,6,5,3,6,11,5,3,9,8,8,2,6,12,5,9,8,4,7,6,4,2,2,4,5,7,4,6
326,518,0.815,0.813714286,5,7,3,3,8,7,6,8,6,3,6,4,2,4,6,3,4,3,5,8,8,5,4,9,5,4,5,5,6,5,3,2,4,6,4,7,5,4,6,6,5,5,2,5,1,6,1,9,4,4,6,7,4,6,10,5,3,2,5,3,6,6,1,10,5,4,6,6,6,6,7,5,6,7,6,1,7,4,3,6,12,7,5,5,7,7,5,5,6,9,5,6,6,1,9,4,2,4,5,3
328,547,0.804642857,0.813,6,5,5,8,7,4,5,6,6,12,5,10,3,5,5,6,2,4,7,7,2,3,5,4,4,5,5,4,5,0,9,4,4,9,3,3,3,4,4,10,7,5,3,9,6,5,3,9,4,3,5,5,4,4,4,5,6,8,7,6,9,3,4,5,8,8,6,4,8,4,4,4,9,7,10,3,6,8,3,6,2,4,2,8,8,6,6,4,5,8,6,7,4,8,6,8,6,1,7,6
330,503,0.820357143,0.812,3,6,5,5,6,5,7,7,3,5,3,6,6,6,5,5,4,2,3,5,6,5,2,3,3,2,6,10,5,2,7,5,7,2,6,3,4,3,6,5,7,9,6,7,4,3,4,9,9,3,5,5,3,3,5,4,6,4,7,4,3,6,3,4,8,6,2,1,3,3,8,8,8,6,5,3,11,7,9,5,4,5,5,3,6,5,3,6,6,5,4,7,4,10,5,2,5,5,6,2
332,510,0.817857143,0.812214286,4,7,7,5,3,3,7,8,7,7,3,4,10,7,2,2,3,8,6,9,6,8,3,5,5,6,3,2,6,5,2,5,6,4,4,3,4,3,4,6,2,4,8,7,4,5,2,6,7,8,6,2,6,7,4,5,3,9,6,4,3,3,6,7,5,9,2,5,4,7,5,6,3,3,3,3,7,4,4,6,6,4,6,7,5,5,1,6,4,6,3,7,7,5,9,4,5,8,5,5
334,554,0.802142857,0.812785714,4,3,2,5,3,4,8,4,2,3,4,4,7,4,9,7,10,6,7,3,4,5,5,1,10,4,4,3,3,7,6,6,5,7,3,3,3,4,7,6,6,4,3,6,5,2,6,3,2,6,5,7,6,9,3,6,9,5,7,2,6,3,5,4,3,9,9,5,12,7,8,7,11,8,8,6,7,7,7,5,6,9,6,10,5,8,2,4,5,5,4,3,9,10,12,6,5,3,6,2
336,515,0.816071429,0.812214286,4,3,8,7,5,3,3,8,6,4,8,1,4,1,5,7,7,6,4,6,5,4,8,5,8,3,5,4,3,3,3,10,6,8,6,8,4,2,4,1,6,6,7,4,4,4,8,3,5,5,6,5,4,2,7,3,4,7,7,3,6,7,4,4,6,6,6,4,4,5,7,7,7,7,5,5,8,10,6,7,2,3,6,4,7,5,6,4,4,7,5,6,4,3,7,1,6,3,8,3
338,539,0.8075,0.811428571,4,7,6,6,5,9,4,2,8,5,3,4,5,8,3,4,7,8,9,4,3,6,7,8,6,6,1,4,6,6,7,5,5,4,8,6,8,4,5,1,8,3,9,6,4,3,6,6,5,4,3,4,3,12,3,5,5,3,9,4,9,5,6,3,5,7,4,5,2,3,4,8,7,5,5,5,3,4,4,4,8,4,4,5,2,9,4,8,7,8,6,4,3,7,5,7,8,11,6,3
340,511,0.8175,0.8115,3,3,3,5,5,6,4,5,2,6,2,4,4,6,4,3,7,10,3,7,2,7,5,6,4,2,8,5,5,4,10,3,7,12,5,1,8,7,10,8,6,4,8,3,5,7,4,8,6,5,1,1,6,6,3,3,7,9,6,4,7,4,4,6,5,8,5,7,4,2,0,5,5,1,5,3,11,4,6,4,7,4,7,5,4,3,5,5,9,4,4,8,3,3,5,6,4,6,6,4
342,521,0.813928571,0.812785714,6,5,6,7,6,5,10,4,7,8,7,3,7,4,4,7,9,5,2,9,3,3,4,4,4,4,5,1,1,7,10,9,4,5,3,7,3,4,4,5,8,5,5,4,2,7,5,4,5,5,3,5,6,5,2,3,6,4,10,4,7,5,7,7,5,5,4,6,7,6,1,11,4,3,7,4,4,8,7,7,4,4,9,6,1,7,3,5,6,4,5,1,4,7,6,5,4,6,5,5
344,553,0.8025,0.815,7,6,4,8,3,9,5,4,3,7,5,5,5,4,2,3,6,4,6,5,2,5,9,4,5,1,7,7,7,9,8,2,5,5,5,8,7,6,5,6,3,7,8,5,3,2,6,7,6,8,3,6,3,5,2,3,4,8,7,6,3,3,11,5,7,5,6,11,8,5,5,6,6,11,6,5,5,8,3,6,5,7,7,3,8,6,4,5,6,7,8,9,4,2,6,2,6,3,5,9
346,497,0.8225,0.814428571,2,2,3,3,6,9,4,3,3,7,7,4,3,5,7,6,7,5,4,5,7,6,5,3,7,8,3,8,6,5,5,4,3,4,7,7,6,4,8,5,3,6,4,5,6,3,5,4,4,2,5,5,5,9,6,2,6,6,4,4,6,4,2,5,2,8,3,5,6,3,2,4,9,7,2,7,1,6,6,6,3,6,9,6,7,9,4,5,3,5,8,2,6,4,5,5,3,4,4,5
348,508,0.818571429,0.814857143,6,4,5,2,2,5,5,5,4,6,5,4,6,6,6,6,7,3,6,7,4,9,5,4,4,5,7,4,5,9,6,4,9,4,8,5,6,2,5,3,5,6,5,4,3,3,6,4,6,5,4,3,8,7,8,8,3,2,4,7,5,4,4,2,2,3,3,6,5,8,4,5,7,8,7,3,5,4,6,8,4,7,2,8,3,8,3,1,7,2,1,3,6,4,8,8,6,4,9,6
350,519,0.814642857,0.814214286,3,5,4,4,3,4,3,3,5,7,9,7,4,7,4,10,8,6,8,5,6,4,3,5,9,4,6,1,5,6,7,6,3,6,4,3,5,6,3,4,8,2,5,4,8,5,4,5,8,3,6,5,6,4,8,4,7,4,6,6,4,6,6,3,6,4,5,3,4,6,6,7,5,8,6,6,6,4,7,8,3,6,3,2,2,6,9,6,8,5,6,3,4,4,5,4,3,6,2,9
352,515,0.816071429,0.815857143,4,6,5,8,4,1,6,4,6,6,6,6,5,7,6,1,8,5,3,5,6,3,3,2,2,2,6,5,1,6,8,3,7,8,3,3,4,4,5,7,8,6,5,4,2,6,6,6,4,4,2,6,6,5,2,5,7,5,6,9,8,4,5,8,7,7,7,5,3,7,7,5,5,8,6,9,7,6,4,2,5,5,6,5,7,2,4,3,6,6,6,5,5,6,3,3,9,5,5,5
354,562,0.799285714,0.813571429,6,5,3,5,6,4,7,6,4,6,5,4,2,3,5,7,7,3,5,12,3,8,5,8,5,9,3,3,5,4,5,7,6,5,5,8,7,4,7,4,8,5,5,4,6,1,8,8,8,9,6,9,6,8,3,6,9,4,5,3,4,3,3,5,4,6,6,5,7,5,6,2,8,9,10,7,9,2,7,6,3,6,6,5,4,8,5,6,7,7,3,7,2,5,5,7,3,8,5,9
356,474,0.830714286,0.813071429,2,4,6,4,6,5,6,0,6,3,4,4,3,8,5,4,10,4,6,7,6,4,6,9,1,5,4,3,5,6,7,3,6,5,7,6,2,4,6,1,7,3,3,6,5,5,5,3,4,6,5,5,4,4,4,5,6,3,3,4,7,6,0,8,3,5,3,6,6,7,3,4,6,5,1,6,8,6,4,10,5,7,2,4,6,6,3,7,4,5,2,4,4,3,5,3,4,3,4,6
358,540,0.807142857,0.810928571,2,8,9,6,1,5,8,6,2,5,2,6,1,7,4,6,3,6,7,5,9,6,5,5,4,7,4,1,6,4,6,6,10,6,8,3,10,4,5,8,8,5,5,4,7,6,5,4,4,3,4,4,7,6,3,7,6,10,4,6,5,8,7,2,7,7,6,8,1,5,6,5,8,5,9,6,5,0,5,11,4,7,5,5,4,4,5,6,4,7,3,3,2,8,6,2,5,9,5,6
360,526,0.812142857,0.812928571,1,7,4,3,4,3,5,3,5,5,8,5,2,3,8,6,5,4,4,3,7,3,8,4,2,4,10,4,8,11,9,3,5,5,8,5,4,5,4,4,6,8,4,3,10,2,4,6,5,5,8,9,6,4,7,5,2,4,3,3,1,2,6,5,8,4,3,3,8,10,6,4,5,4,7,10,2,4,6,6,5,7,6,7,4,7,8,2,3,7,4,8,7,8,6,5,8,3,8,4
362,545,0.805357143,0.809,4,2,5,6,5,7,6,3,8,9,4,5,4,5,8,3,9,4,4,4,3,3,6,4,7,6,5,9,4,2,5,7,9,4,6,7,9,5,4,2,6,6,6,6,4,5,4,4,5,11,5,7,6,7,11,7,8,5,5,4,7,3,7,4,3,3,2,2,9,8,5,3,6,4,8,8,7,9,8,4,6,3,4,4,8,10,7,3,5,7,7,5,7,5,4,3,3,2,2,6
364,534,0.809285714,0.810214286,7,3,3,5,5,9,6,2,4,2,5,6,5,5,5,6,4,5,9,2,6,6,6,5,6,7,7,5,5,4,5,12,4,7,5,8,4,9,4,3,6,7,5,5,3,7,13,2,5,3,5,7,4,5,4,3,4,12,3,10,1,4,5,4,9,8,6,6,5,5,3,4,3,2,4,8,5,5,1,4,5,2,6,3,6,10,5,6,6,5,5,7,1,7,7,5,5,8,5,9
366,529,0.811071429,0.809214286,4,5,6,2,7,4,5,3,8,4,4,4,4,5,3,5,6,5,6,4,5,4,7,3,10,7,6,5,2,6,6,6,3,8,4,5,5,6,6,6,4,3,3,6,7,4,8,4,4,5,6,5,4,2,8,4,3,4,5,5,4,8,5,12,7,3,7,5,2,7,8,5,6,5,7,4,6,6,5,6,7,8,8,2,9,7,4,6,2,2,8,3,3,5,5,8,5,6,11,4
368,523,0.813214286,0.809214286,5,7,6,1,1,5,3,7,3,4,7,5,6,4,6,3,6,9,6,4,6,6,3,4,5,7,9,9,5,5,6,3,4,6,2,8,4,5,4,6,7,6,5,6,10,5,5,4,7,3,5,9,6,9,4,5,5,7,7,7,2,3,7,4,3,1,6,3,5,6,4,6,7,3,2,11,4,5,0,10,7,5,4,7,6,6,9,6,4,3,3,3,5,6,1,7,6,4,6,6
370,540,0.807142857,0.808785714,7,7,4,4,5,3,5,4,5,5,6,5,6,5,8,4,8,7,5,7,3,5,5,5,7,7,7,10,4,1,6,5,6,6,7,7,3,5,8,2,6,4,5,2,2,3,5,4,3,5,6,3,5,1,3,5,7,3,3,9,3,6,7,7,5,6,4,4,9,4,4,6,8,5,5,5,9,5,8,9,8,4,2,7,6,4,8,8,6,8,7,5,6,9,6,10,4,3,5,2
372,545,0.805357143,0.807571429,4,4,7,2,1,6,5,7,2,6,8,2,10,5,8,6,3,7,5,8,5,4,5,4,2,6,6,5,4,6,7,5,5,4,10,5,5,8,5,7,3,8,5,5,4,6,4,8,8,4,8,8,6,2,5,4,7,8,5,8,5,10,4,5,2,4,5,5,4,5,9,5,5,4,3,8,2,5,8,4,6,8,6,9,6,6,7,6,4,3,4,4,1,5,2,5,8,8,12,3
374,540,0.807142857,0.804428571,5,9,4,4,5,0,5,7,6,9,4,5,6,5,2,4,4,4,4,2,11,3,3,5,5,5,8,3,7,5,5,6,7,5,4,6,6,3,11,6,6,4,6,4,8,1,6,8,6,9,5,5,8,3,4,4,6,3,9,2,5,12,9,8,5,3,5,3,5,5,6,5,3,9,2,4,5,3,6,4,7,4,3,7,4,5,4,8,6,6,4,7,7,9,7,12,6,4,4,4
376,546,0.805,0.803071429,8,5,2,5,3,6,4,9,7,3,7,7,4,4,5,4,6,2,2,5,6,4,4,6,5,3,6,5,5,5,9,6,2,6,4,6,8,8,3,6,7,8,5,8,4,7,5,5,2,5,4,4,3,8,7,5,6,4,11,3,4,9,6,7,7,7,8,4,7,6,5,6,3,7,7,7,5,4,7,3,4,4,4,6,5,10,14,5,4,4,4,6,6,6,4,4,4,4,5,8
378,567,0.7975,0.804642857,10,7,6,8,5,5,9,5,6,4,5,7,2,8,7,5,4,4,6,4,4,4,7,6,5,3,5,4,7,6,8,6,5,4,3,8,6,4,3,4,8,4,9,7,9,5,5,7,6,4,3,2,5,9,7,5,5,2,5,9,7,6,4,4,5,4,6,4,7,5,9,6,2,7,4,9,5,6,8,4,4,6,7,6,4,6,6,6,9,7,10,5,7,5,3,5,4,9,5,6
380,559,0.800357143,0.8,6,4,7,6,7,5,9,5,2,5,4,6,3,4,4,7,5,6,4,4,5,4,3,8,10,8,8,12,6,7,3,8,7,8,4,4,4,6,9,5,4,8,6,8,12,0,8,5,5,4,7,2,5,4,9,3,7,8,6,3,8,6,4,4,9,6,4,6,6,7,7,6,7,5,4,7,8,5,8,3,3,4,4,6,7,4,3,6,3,5,4,8,8,1,3,3,3,6,8,4
382,523,0.813214286,0.7995,4,6,4,7,5,8,5,4,5,4,3,6,4,3,2,9,5,1,11,7,10,6,3,3,5,4,4,6,9,7,12,6,5,6,5,9,6,5,6,6,7,6,7,6,1,6,8,3,6,6,3,2,3,6,3,5,7,9,6,4,5,6,4,8,3,3,5,2,0,3,9,4,4,3,4,2,4,4,5,10,7,6,2,5,8,7,4,3,2,6,5,8,4,5,6,2,4,6,6,9
384,605,0.783928571,0.798785714,6,9,8,4,7,6,7,6,6,3,6,8,6,11,6,6,2,5,7,4,6,4,6,3,7,4,4,7,6,6,5,8,6,3,5,4,9,6,7,4,3,6,7,5,6,4,5,1,7,11,7,9,10,7,4,5,6,4,2,7,6,7,7,2,9,7,9,5,5,4,4,7,7,7,5,5,7,7,10,7,5,6,4,6,7,5,6,5,4,4,9,9,13,5,8,9,7,5,7,5
386,553,0.8025,0.801071429,9,2,7,5,7,7,4,5,8,4,10,4,7,5,6,5,7,4,7,7,1,6,6,7,7,3,4,5,7,6,5,9,4,11,8,6,9,7,3,4,7,5,10,6,5,5,6,6,6,14,5,2,11,0,4,9,6,5,8,3,3,3,4,5,6,3,5,9,5,5,3,7,2,2,5,3,5,1,6,3,4,7,3,8,3,3,8,3,6,5,5,8,5,7,7,4,4,9,4,4
388,577,0.793928571,0.798571429,8,5,5,7,4,4,7,5,11,8,6,7,3,6,8,2,5,9,7,9,4,5,8,7,7,7,6,4,6,10,10,3,9,5,6,4,8,7,5,7,2,3,7,6,7,4,3,10,5,3,7,2,2,4,2,6,3,4,9,5,4,4,5,7,6,6,5,7,6,4,3,7,7,6,10,7,4,8,4,2,7,10,4,5,2,6,4,9,4,7,6,5,6,6,7,9,7,3,4,6
390,527,0.811785714,0.802642857,9,4,8,6,5,8,5,3,5,6,6,3,3,4,4,4,6,7,5,7,3,2,3,3,4,5,6,9,6,6,5,10,2,8,11,5,5,5,11,4,4,2,3,9,3,5,4,6,10,8,5,7,3,7,4,2,5,3,8,0,8,3,8,5,3,6,5,2,5,2,8,3,5,5,2,6,10,2,5,3,5,7,9,1,5,8,9,6,8,3,5,7,2,4,9,3,4,6,5,6
392,558,0.800714286,0.803571429,3,11,5,9,5,8,5,3,4,4,6,3,4,8,8,4,4,9,4,11,5,7,3,2,6,8,9,2,5,3,4,5,8,7,7,8,12,5,4,8,5,4,5,4,10,3,4,8,6,7,4,3,6,6,2,5,5,6,6,7,5,8,4,12,8,3,6,4,4,4,6,2,7,6,4,4,7,6,3,6,7,5,3,7,6,9,5,9,5,5,3,7,3,4,10,2,7,4,3,3
394,548,0.804285714,0.803928571,2,8,5,6,4,5,5,7,7,6,5,3,7,4,1,2,5,4,4,7,6,5,4,6,4,8,3,8,4,5,8,6,5,7,4,8,8,8,5,11,6,7,6,3,6,4,6,7,6,4,4,6,3,5,6,5,7,5,4,3,5,3,3,8,2,8,7,8,6,9,8,2,9,4,10,6,5,5,6,8,4,3,3,10,7,5,3,9,3,7,2,6,5,3,9,5,7,4,3,5
396,540,0.807142857,0.801857143,1,5,10,5,4,7,6,4,3,8,5,6,4,4,4,4,9,7,5,5,4,7,5,6,6,4,5,6,6,7,5,1,7,4,5,3,4,7,7,4,8,5,3,3,7,7,4,2,5,4,8,4,6,7,2,5,8,8,5,8,5,5,5,4,4,3,4,6,6,8,3,1,7,5,2,5,5,4,6,5,8,3,7,7,7,8,6,7,6,10,8,8,7,8,5,5,3,5,5,6
398,572,0.795714286,0.803,5,9,5,5,6,3,8,6,3,6,6,8,7,4,7,3,5,4,6,5,7,8,7,4,4,12,11,6,7,5,6,6,8,8,4,6,2,5,5,6,7,4,7,6,3,3,4,9,3,6,3,6,4,5,5,6,7,6,5,9,6,6,6,8,4,4,7,8,8,5,5,5,5,6,6,4,7,8,5,5,6,2,5,3,6,3,8,5,5,3,3,5,1,9,9,7,8,10,6,4
400,556,0.801428571,0.804357143,5,5,6,9,7,7,5,3,5,4,6,4,7,5,4,9,5,4,8,4,8,10,4,6,9,3,6,6,5,7,7,5,8,3,7,4,7,2,5,8,7,6,6,4,3,3,6,8,8,8,4,5,3,3,5,3,7,7,11,4,6,5,6,7,6,7,4,8,4,5,4,1,6,4,7,9,8,4,3,5,2,6,4,7,6,6,3,8,2,6,3,4,4,9,7,5,4,6,7,5
402,542,0.806428571,0.802785714,4,6,5,5,6,6,5,6,7,7,8,7,7,11,8,5,8,1,6,5,6,7,3,4,6,5,4,7,7,4,3,4,6,5,4,5,5,3,8,4,3,5,7,3,1,8,4,3,6,4,5,2,5,4,3,2,4,2,6,5,7,10,4,5,6,6,4,5,6,4,6,9,8,3,6,4,7,7,11,6,6,9,4,7,5,3,5,5,6,3,8,6,6,5,5,5,8,4,7,6
404,529,0.811071429,0.802357143,8,5,9,4,4,4,7,7,6,8,3,4,6,5,4,2,4,1,7,9,6,4,6,4,5,3,5,4,9,8,5,10,5,5,7,3,3,3,5,6,3,2,5,3,6,2,0,4,7,8,4,6,4,6,6,5,5,8,7,7,11,7,4,2,3,7,7,4,9,8,2,4,4,6,3,10,4,4,3,5,5,3,10,7,2,5,5,1,7,9,6,7,8,4,9,3,2,3,10,5
406,562,0.799285714,0.804285714,5,8,3,4,10,6,4,4,9,9,5,5,4,6,2,4,4,6,11,6,5,7,7,8,6,7,3,5,10,7,4,5,4,4,3,6,2,4,9,5,3,6,7,3,4,8,7,6,6,11,9,3,3,3,3,6,12,9,5,1,5,3,3,10,6,4,3,5,3,8,3,4,9,7,6,4,4,5,8,4,7,5,9,8,7,5,6,3,6,5,4,11,8,5,4,5,3,3,6,7
408,578,0.793571429,0.801714286,5,10,7,7,5,11,7,2,0,2,4,7,7,9,6,4,8,7,4,5,7,7,10,3,4,5,4,7,2,5,4,8,7,9,5,5,11,4,5,4,5,6,7,7,0,2,8,11,5,7,10,5,8,4,6,4,8,8,5,5,5,6,3,5,7,6,3,4,6,8,4,8,4,6,6,14,8,7,7,5,8,3,3,9,6,2,9,5,2,2,10,6,5,5,6,6,3,5,4,3
410,529,0.811071429,0.797428571,1,8,3,7,7,4,3,3,3,6,3,3,4,6,5,3,9,6,7,3,2,4,4,7,5,2,3,4,5,2,4,3,4,8,5,8,3,5,2,8,7,7,5,4,4,8,2,5,2,6,4,7,4,7,6,4,2,5,6,5,5,7,3,8,6,6,2,7,5,5,3,4,4,5,5,4,10,6,6,3,9,9,9,6,5,3,5,8,7,6,6,5,10,11,10,2,7,13,6,6
412,578,0.793571429,0.797785714,4,7,3,4,6,3,6,13,4,6,5,5,6,9,8,4,7,8,6,8,3,3,6,3,5,5,5,5,8,8,4,3,7,7,4,6,5,5,7,3,7,5,2,6,5,6,5,10,12,3,7,7,3,9,10,9,2,7,7,1,5,1,7,3,7,8,6,9,5,6,5,5,7,6,6,4,7,5,7,5,4,7,10,8,5,6,4,6,2,4,9,4,8,4,9,8,3,8,3,5
414,589,0.789642857,0.797142857,2,7,8,7,7,9,6,5,5,2,8,7,7,5,6,8,4,2,8,2,5,3,6,10,9,5,4,3,4,5,4,7,4,9,8,6,6,3,4,6,5,5,9,6,3,5,9,5,6,10,4,6,1,8,7,3,6,7,6,2,5,6,6,9,9,5,6,6,4,5,2,4,10,6,8,5,5,5,7,4,7,9,6,7,6,9,3,8,8,5,6,11,6,4,5,7,10,6,6,4
416,557,0.801071429,0.793857143,6,4,4,7,6,6,4,5,6,8,6,7,6,6,4,3,8,10,3,6,5,12,8,8,7,2,3,6,9,2,6,5,4,4,9,4,7,6,5,7,5,3,4,4,4,4,2,10,6,3,4,5,8,6,6,6,6,5,5,5,5,5,7,7,4,4,5,7,7,8,7,7,4,6,6,9,3,1,4,6,5,6,6,4,1,6,8,2,5,8,5,8,7,3,3,5,10,7,6,5
418,587,0.790357143,0.7935,5,9,3,7,6,4,7,7,8,7,1,5,5,4,7,6,6,4,6,8,7,6,5,7,7,4,5,2,6,6,3,8,10,5,6,5,4,5,7,7,5,6,6,3,6,3,9,7,7,4,2,4,5,4,8,5,7,6,5,8,5,11,9,4,5,5,8,5,8,4,6,8,4,6,5,2,4,3,4,4,12,7,8,8,8,5,9,3,8,9,6,6,6,5,4,8,9,8,4,4
420,575,0.794642857,0.794142857,2,10,4,4,7,5,7,5,3,5,9,6,1,6,3,0,5,6,7,9,8,6,7,5,7,10,8,4,7,7,7,2,5,6,2,8,6,6,5,4,5,6,6,8,5,13,5,2,5,7,4,7,3,7,6,5,3,4,5,6,5,3,5,4,2,6,7,6,6,4,4,11,4,5,8,4,9,6,6,5,5,7,5,6,5,4,4,4,7,11,9,5,4,8,9,6,6,8,7,9
422,583,0.791785714,0.793071429,6,5,7,6,5,12,9,2,5,5,5,2,7,5,7,9,6,4,3,6,2,3,6,5,6,9,4,8,6,6,6,4,7,2,10,5,5,6,10,4,8,7,6,6,10,5,6,9,9,4,8,4,5,4,5,4,3,6,4,5,4,7,7,5,7,3,8,4,7,7,9,8,7,7,7,4,5,6,5,10,3,2,3,6,5,4,7,6,7,6,8,10,7,4,7,4,7,1,6,5
424,580,0.792857143,0.793857143,6,8,4,7,8,7,6,5,5,3,6,7,9,7,6,5,9,5,3,4,9,4,4,5,9,8,9,8,5,4,7,6,7,5,6,2,8,4,10,8,5,5,5,5,3,3,2,7,3,6,4,8,4,3,4,9,6,12,2,5,10,5,6,6,7,4,2,9,11,6,7,6,6,8,8,2,1,9,6,4,7,3,7,10,5,5,6,4,1,7,4,8,5,5,6,3,5,9,5,3
426,572,0.795714286,0.792428571,6,2,7,7,3,3,6,6,6,6,5,5,6,5,6,5,4,5,7,7,5,4,5,7,5,8,4,3,5,4,7,7,4,4,3,11,3,9,8,6,10,6,10,7,5,9,9,6,8,7,3,9,6,5,4,2,7,7,2,7,8,8,7,7,2,3,4,4,3,6,7,5,8,8,4,7,5,5,7,10,5,9,6,9,7,7,2,3,4,5,6,5,3,4,3,6,6,3,9,4
428,576,0.794285714,0.792642857,7,4,5,3,11,7,6,3,8,3,5,4,4,7,3,8,7,7,7,2,7,7,8,2,7,6,7,4,4,6,5,6,8,7,5,4,3,5,4,7,4,10,7,6,4,3,9,6,6,6,9,4,3,8,3,4,6,4,2,5,8,2,6,5,5,8,8,6,5,9,4,6,5,4,4,4,5,1,11,8,8,7,10,7,5,12,9,3,2,8,4,2,6,9,5,6,7,5,8,7
430,595,0.7875,0.791785714,7,6,4,8,5,2,6,6,10,7,8,4,10,4,6,5,7,7,6,5,2,5,5,7,9,5,4,7,5,8,7,6,2,10,2,8,6,10,4,5,7,7,7,9,5,6,4,8,6,7,4,4,3,6,7,6,2,8,2,12,3,7,6,6,5,5,6,8,6,5,9,4,10,7,5,5,4,6,2,1,4,10,7,5,8,4,3,9,7,4,7,9,5,5,7,4,7,6,9,5
432,580,0.792857143,0.790214286,5,3,6,7,11,8,4,4,3,8,6,5,4,7,1,6,8,5,3,6,5,7,4,3,3,5,6,4,3,5,7,6,8,7,3,5,8,10,7,1,2,9,3,5,4,3,6,8,6,5,3,9,4,8,3,7,6,6,7,8,10,6,7,7,6,10,9,4,11,10,5,7,6,5,9,3,5,3,7,5,4,6,6,3,6,6,6,8,4,5,6,4,5,7,6,11,3,8,4,8
434,592,0.788571429,0.791071429,4,4,3,10,7,5,6,7,8,5,2,4,8,5,8,4,11,8,5,9,5,5,10,4,5,4,3,7,3,6,3,15,7,9,8,6,7,3,5,7,5,3,9,8,6,4,10,4,4,6,5,6,8,5,9,5,9,4,5,4,2,4,11,8,7,10,10,4,9,4,3,4,5,6,8,6,2,3,8,6,6,7,12,4,5,8,4,4,2,3,3,7,5,3,6,6,4,4,2,13
436,594,0.787857143,0.791642857,2,3,4,6,11,3,3,5,8,5,3,5,7,3,11,1,6,8,6,10,4,6,3,2,10,7,9,8,6,7,8,7,8,6,8,7,7,7,9,6,4,8,3,10,3,6,9,6,6,2,7,4,3,7,8,7,6,8,7,1,6,11,6,4,3,11,6,3,3,6,5,4,8,4,6,7,8,2,10,7,4,8,6,8,4,4,6,6,10,5,11,5,6,6,4,3,4,6,3,5
438,564,0.798571429,0.790357143,4,7,7,2,4,6,9,1,7,10,8,8,9,5,7,8,5,5,6,3,7,7,4,3,4,8,6,5,7,8,8,4,4,3,8,6,3,5,5,9,5,6,4,4,5,2,7,6,10,6,4,6,7,8,10,6,4,4,8,6,3,2,2,5,2,7,6,4,6,8,6,6,8,5,6,8,6,4,3,6,4,7,6,7,6,5,4,3,5,6,6,5,8,5,4,5,7,3,6,6
440,587,0.790357143,0.790285714,4,7,3,8,5,5,6,10,4,5,5,5,8,6,3,7,9,7,7,5,6,10,8,12,10,7,7,4,9,4,10,3,4,8,8,5,3,4,5,7,5,6,4,8,7,9,4,5,9,4,5,3,7,5,5,9,4,11,6,5,3,5,4,3,8,6,8,5,6,9,5,5,6,5,3,6,7,5,8,3,6,4,4,8,5,2,6,3,8,8,3,3,5,3,9,8,4,3,4,7
442,598,0.786428571,0.788714286,5,10,9,7,2,3,7,6,10,4,7,10,4,5,5,2,6,7,7,9,8,7,3,6,2,7,5,7,6,6,7,8,4,6,1,7,5,6,3,7,4,5,6,5,10,9,3,4,7,4,5,4,6,1,8,3,6,0,7,4,7,5,6,5,5,3,4,5,6,10,13,3,5,9,9,4,10,10,6,6,8,8,4,10,4,7,6,5,5,9,7,7,4,9,4,6,10,6,5,6
444,593,0.788214286,0.786357143,5,4,6,5,2,6,3,3,5,4,2,6,7,7,5,7,5,9,6,1,5,8,6,7,6,4,5,7,5,7,2,5,6,10,8,7,11,7,5,5,3,5,2,7,6,6,5,4,3,8,7,9,11,8,5,7,6,4,8,8,7,4,9,9,10,6,8,6,7,3,3,6,4,4,4,5,9,8,8,9,7,7,6,10,9,4,9,4,4,7,8,4,5,3,2,3,6,3,11,6
446,616,0.78,0.783928571,4,9,2,6,7,6,2,7,3,8,8,3,7,4,3,5,5,3,4,8,5,5,5,5,13,2,5,6,8,5,8,5,3,12,7,5,6,9,5,9,10,8,7,8,7,9,4,3,2,8,7,6,7,5,8,10,10,4,7,4,9,4,7,7,2,7,6,4,7,8,1,6,5,14,5,4,6,3,10,9,4,7,2,5,11,7,10,4,6,7,4,5,4,4,6,11,9,6,9,5
448,597,0.786785714,0.780928571,4,4,3,2,5,8,7,9,4,3,6,5,7,5,5,4,7,3,6,4,7,6,6,6,4,4,8,3,7,10,10,5,7,3,5,5,6,3,4,7,6,9,7,7,6,7,3,6,5,6,5,4,9,6,6,4,7,6,5,2,11,2,8,8,9,3,11,5,10,6,4,9,5,5,5,4,8,6,4,6,8,7,3,8,7,6,8,8,4,8,7,7,6,6,12,3,4,10,6,7
450,621,0.778214286,0.780071429,5,4,4,9,8,5,2,6,6,9,8,9,13,3,6,4,3,1,5,4,11,6,6,6,6,7,5,7,5,4,6,7,9,8,8,6,13,6,6,7,8,5,6,5,4,4,5,5,10,5,3,7,6,7,4,8,7,4,7,4,8,5,7,3,4,7,8,4,2,11,8,6,6,11,8,7,9,5,5,6,6,3,10,5,6,5,5,7,11,6,5,7,6,6,3,6,5,8,4,10
452,640,0.771428571,0.780285714,2,4,7,5,8,7,6,11,5,10,4,5,7,5,8,11,10,3,5,11,3,11,8,6,7,7,6,7,10,6,5,3,8,5,4,11,8,6,5,6,9,6,7,10,9,5,4,10,6,10,6,8,7,6,8,6,9,7,5,8,3,7,4,7,4,8,10,8,9,4,8,4,10,3,1,7,4,6,3,5,3,8,6,7,4,5,5,6,6,2,3,5,8,7,7,5,4,7,4,11
454,605,0.783928571,0.781214286,10,3,4,2,5,6,8,5,4,5,6,8,5,6,7,9,6,5,9,8,10,8,9,5,8,10,8,5,5,10,7,6,3,5,4,6,6,6,5,3,3,7,6,8,11,10,7,7,6,11,9,10,9,5,6,4,8,8,3,7,4,4,3,7,7,4,10,8,6,9,2,4,6,3,4,4,8,3,10,6,4,2,9,4,4,5,7,4,3,3,7,6,5,6,7,6,3,2,5,6
456,613,0.781071429,0.783214286,11,8,9,9,6,1,10,6,5,8,4,1,7,6,4,8,5,5,8,2,6,1,8,5,6,5,6,5,7,4,14,13,4,7,6,6,8,11,7,7,12,5,9,5,5,9,5,3,6,3,2,6,8,6,10,5,10,4,5,4,7,5,5,10,7,4,7,4,3,6,9,5,2,6,12,5,7,6,5,6,8,11,4,4,4,8,3,9,6,4,5,8,5,2,4,5,7,6,4,4
458,584,0.791428571,0.785714286,7,4,2,7,4,9,4,6,5,4,4,5,8,3,2,5,6,3,3,3,6,5,4,8,7,7,5,7,9,5,3,7,3,9,4,9,6,5,9,8,5,6,6,5,8,8,3,6,5,5,6,9,4,7,6,6,5,3,7,10,6,5,9,7,10,7,4,6,11,5,3,5,6,4,11,5,5,9,6,6,3,6,8,7,6,6,6,6,7,8,3,5,10,7,2,5,5,5,4,5
460,593,0.788214286,0.787714286,3,6,9,4,8,3,3,6,10,5,9,7,7,8,4,4,4,8,6,7,7,8,5,6,8,4,5,9,10,6,6,7,5,8,4,9,4,0,6,7,2,5,8,3,13,6,5,8,6,6,3,7,7,3,5,7,3,7,6,5,6,3,8,7,4,6,3,7,5,4,4,7,6,9,3,5,8,6,9,4,2,8,4,7,6,10,7,8,10,11,6,4,4,5,5,4,7,2,7,2
462,605,0.783928571,0.787857143,7,10,4,7,9,5,8,6,6,6,9,6,5,4,7,2,9,3,4,6,9,4,2,6,6,5,8,6,5,14,9,11,6,3,3,5,8,6,2,8,9,7,6,4,4,6,6,5,7,8,5,4,5,5,7,9,5,7,6,6,7,0,6,8,8,6,7,7,9,8,3,5,6,5,4,7,13,7,7,6,2,3,5,8,5,4,9,3,5,3,11,8,3,5,4,5,8,4,4,7
464,577,0.793928571,0.788642857,6,9,9,8,4,6,7,7,6,6,6,8,9,7,8,5,5,2,8,4,3,6,4,4,8,8,4,8,4,3,2,4,5,3,8,6,5,0,4,5,9,5,4,6,11,7,6,7,4,8,5,6,4,7,5,7,1,10,5,7,3,5,6,6,5,8,9,9,6,6,5,6,3,6,8,6,5,6,8,2,6,4,8,3,5,6,3,5,2,9,7,5,3,9,6,7,11,5,3,4
466,611,0.781785714,0.787571429,4,2,8,8,7,5,7,3,5,9,7,5,10,4,9,6,4,4,2,5,8,9,7,5,7,6,5,6,7,3,7,6,5,8,7,5,4,6,7,4,5,4,5,6,3,5,5,9,2,8,4,8,5,8,6,4,5,7,8,6,8,8,3,5,6,8,6,7,8,7,2,9,9,8,9,8,6,7,8,5,10,6,4,6,8,11,3,8,8,5,6,3,4,5,9,5,5,10,3,6
468,573,0.795357143,0.786357143,3,9,6,7,1,6,8,5,6,2,5,7,4,6,4,6,9,7,11,5,2,3,6,6,6,6,9,6,4,8,6,4,4,2,8,4,5,5,8,4,6,8,7,3,6,3,5,6,1,7,5,3,6,13,5,8,6,4,5,7,8,7,3,9,2,8,1,8,8,6,6,8,7,4,11,5,6,1,5,5,5,4,9,5,2,7,3,8,8,7,7,8,3,8,7,2,9,8,4,4
470,608,0.782857143,0.7855,7,4,6,9,8,7,9,7,8,4,6,7,3,8,3,5,3,8,6,6,5,4,3,6,10,4,7,10,9,3,7,5,8,5,5,4,8,10,4,5,11,7,2,4,8,7,10,8,3,8,6,6,5,8,4,7,5,6,7,8,6,5,7,5,4,4,3,4,8,4,4,7,6,7,8,6,7,6,7,10,2,4,7,7,3,4,4,10,6,4,5,7,2,9,9,6,8,5,5,7
472,622,0.777857143,0.786142857,11,7,8,5,5,7,6,12,8,8,3,6,5,4,8,4,9,7,4,6,7,8,4,7,10,7,6,6,5,5,4,5,3,3,10,5,5,5,7,3,7,4,4,4,5,6,4,5,7,7,8,4,8,6,9,8,6,4,5,9,8,6,5,10,6,3,2,5,6,5,4,5,7,9,8,5,6,9,4,8,6,11,6,6,3,7,13,7,5,5,6,3,6,5,10,8,4,7,7,8
474,589,0.789642857,0.783214286,4,6,14,10,7,7,4,4,3,6,6,11,6,6,8,6,4,5,3,2,5,4,9,4,11,5,7,4,5,8,7,4,5,5,7,6,5,6,6,5,10,3,5,9,10,3,3,5,3,4,6,8,4,8,4,4,12,8,4,4,7,8,5,5,8,7,5,5,6,3,8,5,5,5,9,9,6,4,3,6,6,8,4,7,2,5,3,7,7,7,4,5,4,3,7,5,11,8,4,6
476,602,0.785,0.7845,2,6,6,6,6,5,6,4,7,6,4,7,3,3,11,7,7,7,8,4,7,9,7,3,8,8,6,8,8,7,10,6,5,7,7,7,6,9,4,5,5,8,6,5,7,3,2,9,4,4,6,5,12,5,8,9,6,7,4,2,4,9,5,2,4,2,4,9,5,3,6,7,8,2,4,8,9,5,9,6,7,6,4,8,7,4,6,5,6,6,5,7,8,4,6,4,11,5,5,8
478,614,0.780714286,0.786571429,9,6,6,6,8,7,5,6,9,5,5,9,1,6,4,5,3,8,7,5,6,9,7,9,4,11,5,4,7,7,1,7,6,6,7,6,9,4,4,10,7,2,7,4,7,5,6,7,7,4,5,6,4,6,7,4,8,8,8,5,7,12,6,5,10,10,3,9,8,3,6,6,5,5,3,5,5,8,5,8,11,6,6,5,6,5,6,3,5,6,5,8,4,10,6,2,8,6,6,5
480,590,0.789285714,0.785142857,6,10,7,3,5,11,3,4,5,10,11,4,5,4,2,4,6,3,6,7,4,4,4,6,3,2,7,5,3,10,15,2,9,3,8,3,7,6,4,6,5,4,9,7,8,10,7,2,5,8,6,5,12,5,4,9,5,5,4,5,1,4,6,11,4,4,8,6,6,5,6,11,8,4,7,5,6,6,6,5,6,6,5,6,4,8,4,8,4,5,7,7,5,7,9,5,10,5,6,2
482,593,0.788214286,0.786142857,7,4,4,6,8,1,8,7,8,3,8,7,4,6,9,7,3,14,8,7,5,7,6,2,6,4,12,5,4,4,5,6,7,4,6,3,10,7,10,7,5,7,8,11,2,5,6,2,3,10,6,4,4,7,4,2,9,5,4,5,8,4,2,6,5,3,5,11,8,5,10,1,3,9,4,5,8,5,4,5,5,8,9,7,5,11,8,7,3,3,3,11,7,6,5,8,4,5,4,5
484,609,0.7825,0.785428571,4,5,6,10,4,4,7,6,14,5,5,8,6,5,8,8,3,7,8,7,5,9,5,3,7,6,10,3,3,7,8,6,3,4,7,5,8,5,5,5,7,5,6,10,8,8,2,7,5,4,5,7,7,10,5,7,8,6,7,7,8,10,8,8,2,4,6,6,5,5,4,4,7,5,3,5,4,5,7,6,9,5,9,5,5,6,4,9,7,8,2,3,8,9,5,2,8,7,2,9
486,588,0.79,0.784857143,6,6,5,7,5,7,5,7,3,4,11,2,4,5,5,4,10,7,7,3,7,6,6,6,6,6,8,8,5,7,9,3,6,3,6,4,1,6,5,5,6,12,3,5,8,5,4,8,4,1,5,7,5,7,7,6,3,5,12,4,2,11,4,6,8,4,4,10,4,7,5,5,8,7,8,7,6,2,7,4,4,8,9,7,6,6,13,10,5,7,4,7,8,2,6,5,4,5,3,7
488,624,0.777142857,0.783,10,7,5,7,10,11,2,8,9,5,7,7,3,5,7,8,6,4,5,8,6,4,5,4,4,3,6,5,6,11,9,5,4,6,7,7,10,10,6,6,4,13,7,10,4,3,5,5,7,9,5,6,11,7,6,5,11,5,6,5,5,3,7,8,3,5,3,7,4,2,2,3,7,5,4,5,6,5,4,6,5,6,10,6,10,8,6,11,6,8,4,5,9,11,8,4,9,4,3,5
490,598,0.786428571,0.780714286,12,5,6,7,8,3,5,5,3,6,7,4,5,3,6,6,7,7,5,3,5,5,4,7,5,7,8,6,5,5,7,15,8,5,6,5,5,5,9,8,6,5,8,3,5,6,6,3,5,5,7,2,5,7,4,6,9,9,4,2,5,5,8,4,12,4,10,6,6,6,4,6,4,5,9,6,11,7,6,6,9,1,7,5,5,7,8,8,3,13,1,4,4,6,8,4,6,7,8,4
492,619,0.778928571,0.777,9,5,7,2,9,5,4,12,6,8,10,11,5,9,5,8,7,5,8,4,10,10,12,7,5,4,3,6,6,6,4,8,5,10,7,2,5,6,7,8,8,6,7,8,3,8,9,3,9,0,12,4,6,5,3,5,2,3,10,4,3,9,6,7,8,2,6,4,5,6,6,5,5,5,6,6,6,5,8,7,6,4,5,3,7,8,5,4,8,7,4,8,5,5,12,1,8,8,5,6
494,641,0.771071429,0.779428571,8,7,11,8,5,6,7,5,5,4,5,5,2,10,8,6,8,4,7,5,6,8,6,4,7,4,6,8,5,7,8,8,7,7,11,5,1,6,2,5,8,6,5,5,7,6,7,7,4,9,6,6,6,9,5,7,6,4,6,8,4,3,4,9,8,3,4,8,6,4,5,6,4,4,10,10,12,11,11,4,5,2,8,8,4,4,9,1,7,11,6,4,6,12,4,17,3,4,9,13
496,640,0.771428571,0.779357143,5,9,5,10,4,8,12,12,7,6,4,6,7,7,11,6,7,10,8,6,4,7,6,3,4,6,2,6,7,3,9,6,5,5,5,11,8,9,3,6,8,3,6,6,5,6,7,3,7,5,6,5,8,8,10,6,10,4,5,6,10,5,8,7,5,9,4,4,8,9,7,7,5,5,6,5,8,8,7,6,6,3,5,8,7,3,4,5,5,2,9,3,9,8,8,9,4,6,9,5
498,590,0.789285714,0.779464286,3,5,8,8,2,6,4,9,6,9,4,6,7,6,8,4,5,1,3,5,3,6,5,5,5,3,7,6,7,5,6,3,10,8,9,4,9,3,6,11,9,12,8,8,2,2,6,3,5,7,3,11,8,6,7,4,3,5,5,6,5,4,3,5,4,3,4,7,9,10,3,7,4,7,5,6,8,9,5,4,7,6,8,7,5,6,9,7,6,7,6,7,5,4,8,5,7,8,7,3
500,599,0.786071429,0.782261905,10,8,6,4,12,3,10,7,9,7,6,7,5,5,7,5,1,5,5,5,4,6,3,2,7,5,6,5,3,6,6,7,5,7,6,2,5,5,0,8,2,7,10,6,6,5,6,6,7,5,6,5,6,3,6,9,5,9,4,5,6,6,8,4,8,8,11,10,5,11,7,4,4,5,4,7,8,6,5,9,5,7,4,5,7,5,7,8,6,6,6,7,7,8,3,7,4,4,6,8
